standard_number,title,description,status,version_number,effective_date,reviewed_year,source_name,source_url,authoritative,bis_url
IS 10,IS 10,IS 10,published,,,2025,Bureau of Indian Standards,https://standards.bis.gov.in,true,https://standards.bis.gov.in/website/standard-details?encryptedId=eyJpdiI6IlJqUnZyM3h4azVFaWZiSzdKeHIyR2c9PSIsInZhbHVlIjoidVJlYWYzcENhaEJYSDJpRG1EazV3Zz09IiwibWFjIjoiMjMzNWM1MWNlODYzYWFlYTdiNDM1Y2JlMjRhOGZiMzhiODU1MzhkNWYxOWU2MWExZjEzNTcwOTY4YWYwNzA4MCIsInRhZyI6IiJ9&standardNumber=IS%2010%20(Part%201):1990
IS 101,Part 1 : Sec 1 : 1986,Part 1 : Sec 1 : 1986,published,,,2023,Bureau of Indian Standards,https://standards.bis.gov.in,true,https://standards.bis.gov.in/website/standard-details?encryptedId=eyJpdiI6Imw1eVJ1NGlKaEFYK1o3UGJ2RVVRRWc9PSIsInZhbHVlIjoiWHpTQ3Frdmo5M3FCaGo3aVNRQ3J4Zz09IiwibWFjIjoiYTVhZTMzOTE0NjA1NDU0ZGY0OWFjNTQ3MDBhZmIzODEyNjA2NWE3ZjE2OGI1NmY3NzBhMjE4ZWQyYWNkZDk4OSIsInRhZyI6IiJ9&standardNumber=IS%20101%20(Part%201%2FSec%201):2023
IS 1:1968,IS 1:1968,IS 1:1968,published,,,2023,Bureau of Indian Standards,https://standards.bis.gov.in,true,https://standards.bis.gov.in/website/standard-details?encryptedId=eyJpdiI6IjJOd3NaUVVRSk1oWndDVVJqMkxFblE9PSIsInZhbHVlIjoiMzNlaFBnaWcrV2ZpUmttdklKVzF0UT09IiwibWFjIjoiNjQ4ZjExZGJmYTg0NTE5OTRkNjVkYThjMThlNTUyZTM0MjMyZTNhYzRmMDY2NDM5YmUzZDIyOGIyNDFjYzYwNyIsInRhZyI6IiJ9&standardNumber=IS%201:1968
IS 300:1968,IS 300:1968,IS 300:1968,published,,,2023,Bureau of Indian Standards,https://standards.bis.gov.in,true,https://standards.bis.gov.in/website/standard-details?encryptedId=eyJpdiI6ImlSaU9mWmdhVVZYWU9tT3RjbzZuWEE9PSIsInZhbHVlIjoiZEhTL1gxSVhHbjRVTVNXWjJkaldpZz09IiwibWFjIjoiMjE2MGJhNDc3OTMxYTA2ZWE1ZjhiODFlYzQwZjUxNWMyNDcxYTJlNzgxMTJkNjkwN2QzMWY3NmI0MjcyODFhOCIsInRhZyI6IiJ9&standardNumber=IS%20300:1968
IS 301:1982,IS 301:1982,IS 301:1982,published,,,2026,Bureau of Indian Standards,https://standards.bis.gov.in,true,https://standards.bis.gov.in/website/standard-details?encryptedId=eyJpdiI6IkZ6WjN6QmlSUEdCbVc1Nk5Ja0ltUnc9PSIsInZhbHVlIjoiSG4xZ2QzUStEUUlNaXdJVU1VSW5IUT09IiwibWFjIjoiODAxNzdkYWNmMmFhZWU0ZTZlZDI5MjNmYzFmZjQ4MjExNTUxMTUyYTkyYTU5MjA2MTRmZTlkYjViMDRkODQ2MSIsInRhZyI6IiJ9&standardNumber=IS%20301:1982
IS 302,IS 302,IS 302,published,,,2016,Bureau of Indian Standards,https://standards.bis.gov.in,true,https://standards.bis.gov.in/website/standard-details?encryptedId=eyJpdiI6IjA4cUVsMXE5RUFnR1VTZmZSbDlwMlE9PSIsInZhbHVlIjoiRFQ0SGtRa3IrOVpEZ0VrYVdJd0pBZz09IiwibWFjIjoiZTUxNmVkMzE0MjhjNGIzNjYwNGM3ZjY4ZThhZDIzZTU2M2U0MjkzOWU5MTg5YjI5OWNlZmRmYmI3MWRlOGI5MyIsInRhZyI6IiJ9&standardNumber=IS%20302%20(Part%201):2008
IS 32:2023,IS 32:2023,IS 32:2023,published,,,2023,Bureau of Indian Standards,https://standards.bis.gov.in,true,https://standards.bis.gov.in/website/standard-details?encryptedId=eyJpdiI6IjlxYUhQeHA3dkFFcjErTXJNYWVyNnc9PSIsInZhbHVlIjoiUll6YWVxanlIMzZlVG5qQnZyR21kQT09IiwibWFjIjoiYjFlZjQ1YzQzNzI3NTg2ZDZhNzk4ZDI2ZDRmMDgxMmNhOGY1NmFmNGRmM2I1NDgyZjQ3YzA2MTY3OWIxMjc5NSIsInRhZyI6IiJ9&standardNumber=IS%2032:2023
IS 400:1968,IS 400:1968,IS 400:1968,published,,,2023,Bureau of Indian Standards,https://standards.bis.gov.in,true,https://standards.bis.gov.in/website/standard-details?encryptedId=eyJpdiI6IndVQmxkS0xpczEzWUtVbVp2R3ZnQnc9PSIsInZhbHVlIjoiNXZua2dMVm9DQ28xczcyR0N6c3YrQT09IiwibWFjIjoiZjBkNTg4ZjFlMzcwNTU4NjhhY2JhMDJiM2I0NWRjMjk4YTE2MzMzODEwZjhlNTY1ZjQ5MGVhNzBiN2ZiMjBmYiIsInRhZyI6IiJ9&standardNumber=IS%20400:1968
IS 401:2001,IS 401:2001,IS 401:2001,published,,,2021,Bureau of Indian Standards,https://standards.bis.gov.in,true,https://standards.bis.gov.in/website/standard-details?encryptedId=eyJpdiI6IlZCYUo4WGVkWWZueU5VSEhHNnN6cEE9PSIsInZhbHVlIjoidWgwVW4yaVJtMVBDTjYybXREam1GUT09IiwibWFjIjoiM2NhODYxOTFiMGQ5Y2UxNTNjODRhMDQwYTVmMzdmMTcxNDY3MTM1NzQ0ZTYxZGQ1ZjY5YzBiMDg5OTc4MDU5MiIsInRhZyI6IiJ9&standardNumber=IS%20401:2001
IS 402:1990,IS 402:1990,IS 402:1990,published,,,2025,Bureau of Indian Standards,https://standards.bis.gov.in,true,https://standards.bis.gov.in/website/standard-details?encryptedId=eyJpdiI6Ik5qSGtpejU0eDZ2K2Z3U291OE1CZGc9PSIsInZhbHVlIjoiaXB5ZmMva1RlN2lWcUFnQUFtSEVLdz09IiwibWFjIjoiODA0OTQ1NzAzODMzMWI3NDEwZTliYzExOWJmYTBiMWM3NTRlNWE4Mzc2NzM0MWFhYzZhY2I1NzE3ZGQ1MDg4YSIsInRhZyI6IiJ9&standardNumber=IS%20402:1990
IS 403:1964,IS 403:1964,IS 403:1964,published,,,2026,Bureau of Indian Standards,https://standards.bis.gov.in,true,https://standards.bis.gov.in/website/standard-details?encryptedId=eyJpdiI6Ill2SUhsZzBqaEFXSmQ2MzFtb2NaZWc9PSIsInZhbHVlIjoiR1JVN0RIcUUwOVlqOEd0cmp5dDB1UT09IiwibWFjIjoiZjkyNmVjZWM3NjAwMjQwZDk1ZjZlZmUxOThmODdkNjU1ZGEwZGQ3Y2RlODlhNzIzYTk3ODZkMmQ1NGRjNTFhYSIsInRhZyI6IiJ9&standardNumber=IS%20403:1964
IS 404,IS 404,IS 404,published,,,2023,Bureau of Indian Standards,https://standards.bis.gov.in,true,https://standards.bis.gov.in/website/standard-details?encryptedId=eyJpdiI6IlZmaHIwUlhRcGxveE03dnVTZVFJb1E9PSIsInZhbHVlIjoibXZSZEJKN0luOE1Razh2WHZEZmZUUT09IiwibWFjIjoiM2MzNzg3NmE4YzIxNWM5MzYxM2U5OTM2Zjc3NWJhNDRhYjkwY2NiYmY1MDIxM2M4M2MzY2YyNzIwYWQxNjc0MCIsInRhZyI6IiJ9&standardNumber=IS%20404%20(Part%201):1993
IS 405,IS 405,IS 405,published,,,2023,Bureau of Indian Standards,https://standards.bis.gov.in,true,https://standards.bis.gov.in/website/standard-details?encryptedId=eyJpdiI6IitGRkZ3QktBeWI5dzBxZDgyRG9VOFE9PSIsInZhbHVlIjoiRyswaGpyK3gvWTJQNWNIN2ViaktKQT09IiwibWFjIjoiMWU1MWQ5OTEzNWJiNzc5NGE0NTM1YmY5MGJjNDU3ZDBiMWRlNTVjMjVlZTlmNzM2NzYzNWRhNmQyMGFlOGFkNSIsInRhZyI6IiJ9&standardNumber=IS%20405%20(Part%201):1992
IS 406:1964,IS 406:1964,IS 406:1964,published,,,2026,Bureau of Indian Standards,https://standards.bis.gov.in,true,https://standards.bis.gov.in/website/standard-details?encryptedId=eyJpdiI6Ill5K0JTZ2VQNzUxeUtwUFE2WmZhblE9PSIsInZhbHVlIjoiOHJtSlNqQVVvcmlkR3hBcDIzbnNKUT09IiwibWFjIjoiYzE2YzYzZWRlMTBlMDhmYzQ4YTkwYjA2ZGI0YjA1ZDg2N2QxMDNkYmE5OTkzNjk1NmIxYmNjYjBhN2QwODE5ZCIsInRhZyI6IiJ9&standardNumber=IS%20406:1964
IS 407:1981,IS 407:1981,IS 407:1981,published,,,2026,Bureau of Indian Standards,https://standards.bis.gov.in,true,https://standards.bis.gov.in/website/standard-details?encryptedId=eyJpdiI6Imo2TTNjWklTeEN0cGV6WVprN0QrMGc9PSIsInZhbHVlIjoiakJrTUxOUXNwc05wTEdvWXRJVHJlUT09IiwibWFjIjoiZDZhOWJiNDNkYmI2ZGM1ZmEyY2ZhYWQyZGM2ZTFkODc0YTU3NWNkYWMxNTM4ZDc4MmI2OWRkZjlmMTNlMzZmMiIsInRhZyI6IiJ9&standardNumber=IS%20407:1981
IS 408:2020,IS 408:2020,IS 408:2020,published,,,2025,Bureau of Indian Standards,https://standards.bis.gov.in,true,https://standards.bis.gov.in/website/standard-details?encryptedId=eyJpdiI6IkNOUElMR01aNDRkQ3p4bW9QRVczMnc9PSIsInZhbHVlIjoiS0hhZjF3YTJGL0o3RlNDdlBuWVo1UT09IiwibWFjIjoiYTk3ZGZjYmU5ZGJlYTU0ZTg3MDc2ZGQxYmM1MTQ1MzVmMzc4YmRhMDlkMDYwOWUwZDI3OTBjM2U3NjI4N2Y1MSIsInRhZyI6IiJ9&standardNumber=IS%20408:2020
IS 40:2021,IS 40:2021,IS 40:2021,published,,,2025,Bureau of Indian Standards,https://standards.bis.gov.in,true,https://standards.bis.gov.in/website/standard-details?encryptedId=eyJpdiI6IkgycitFUXg2Uy85ZGtGNEt5Tkd4Y3c9PSIsInZhbHVlIjoiL1NJcVViQWpkWjhabXk1VmV2WEtDZz09IiwibWFjIjoiNDVjM2RlN2EyNDU4ZDBhMzkwM2NiZjk0ZmFhZDYzMjNhN2RlMTgzZjY4MmFiMDdhMjVmMGY2NDM2ZmUxNGQwYyIsInRhZyI6IiJ9&standardNumber=IS%2040:2021
IS 410:1977,IS 410:1977,IS 410:1977,published,,,2026,Bureau of Indian Standards,https://standards.bis.gov.in,true,https://standards.bis.gov.in/website/standard-details?encryptedId=eyJpdiI6Imp0MG03U2ZwQUdNVjZpRHQ4SXFTWEE9PSIsInZhbHVlIjoiUkkvdTh1WW9KaCs3OHhvQzYrVzh1QT09IiwibWFjIjoiNjFiMjI5MzFiZjQwYTY4ZWY1NmFmOTQyZGYwODEwMGVmNmQ0ZWU3NzczNmJlM2E2YjY3OGJjNDU5ZjJkOTEwNSIsInRhZyI6IiJ9&standardNumber=IS%20410:1977
IS 411:2026,IS 411:2026,IS 411:2026,published,,,,Bureau of Indian Standards,https://standards.bis.gov.in,true,https://standards.bis.gov.in/website/standard-details?encryptedId=eyJpdiI6ImpLUFlRMzFkY1VxYVZGN1FlUTdYYWc9PSIsInZhbHVlIjoiM3o1dFJVZkdIMjVLQU5FaXJzYWhDUT09IiwibWFjIjoiYTNiYjJlOWJiMDAzMWY5ZTVjMTljMDhlZmQ1MjY5YzBmNzllYTg1YjhmMGM0YjJjNGNmMTQxZDQyN2RjNDFmZCIsInRhZyI6IiJ9&standardNumber=IS%20411:2026
IS 412:1975,IS 412:1975,IS 412:1975,published,,,2022,Bureau of Indian Standards,https://standards.bis.gov.in,true,https://standards.bis.gov.in/website/standard-details?encryptedId=eyJpdiI6InVUUDJFWkx5dSsxSHhmV2dDd2czSFE9PSIsInZhbHVlIjoibnIvTkloeGE1bnVsQ2dxYkZzTktKZz09IiwibWFjIjoiYmJjMTYwNWI3ZWVjNGYzNWU5NWVmYzQ0ZmVkNWVhZDg3NjliZjhjYjY0M2E5NzZlZjZlYjVjOTE4Y2VlMjU1NSIsInRhZyI6IiJ9&standardNumber=IS%20412:1975
IS 413:1974,IS 413:1974,IS 413:1974,published,,,2025,Bureau of Indian Standards,https://standards.bis.gov.in,true,https://standards.bis.gov.in/website/standard-details?encryptedId=eyJpdiI6IklmSzRGSmEzT1FVNWZtSmpUTFh1bmc9PSIsInZhbHVlIjoidStvUWo0QVlOUFd0SUZpN05OUUowZz09IiwibWFjIjoiOWVjZTBmODc5OTg5MjRhYjJlMmUzMzU0ZTc4Y2UxNjcyZGRmMDc4N2JlNzUyNWI3MmRiYmRjZTJlNWJiZWE3OSIsInRhZyI6IiJ9&standardNumber=IS%20413:1974
IS 415:2022,IS 415:2022,IS 415:2022,published,,,2026,Bureau of Indian Standards,https://standards.bis.gov.in,true,https://standards.bis.gov.in/website/standard-details?encryptedId=eyJpdiI6IlkzS3JjNFdZdzZ3Qm9UMUJqSitCYXc9PSIsInZhbHVlIjoiV3dtQ0JVRnZDVzRFRWRmbE1oeTBHQT09IiwibWFjIjoiZTBjYzQ2N2ViZWZkY2Y4MmRiODA3YWUxYjVjOThkZGE5ZGM0ZWQyYjNmOTYxNzFjODBmYmY3ODE5NzUyNTQ5ZiIsInRhZyI6IiJ9&standardNumber=IS%20415:2022
IS 416:1983,IS 416:1983,IS 416:1983,published,,,2022,Bureau of Indian Standards,https://standards.bis.gov.in,true,https://standards.bis.gov.in/website/standard-details?encryptedId=eyJpdiI6ImFlS0Ztc3VnL1R1bytQUVE5ZFArTWc9PSIsInZhbHVlIjoidkpVcDVlRTVlZEtxV3NRcW1XaVl4UT09IiwibWFjIjoiMmJhMGQ1OWQyNDFhZjg2ZmRjMzBkN2Q4MTk3YTI4MzA4YTk2YWVlODU3ODAyZDhkZTRiMWU3MWRlOTVlMzRmOSIsInRhZyI6IiJ9&standardNumber=IS%20416:1983
IS 417,IS 417,IS 417,published,,,2022,Bureau of Indian Standards,https://standards.bis.gov.in,true,https://standards.bis.gov.in/website/standard-details?encryptedId=eyJpdiI6InR6L3BGT0lJZ1NCemdmVHd1RnlxYVE9PSIsInZhbHVlIjoiOVlpWGhyL2E4QTJwaE0vNkgvSjkyQT09IiwibWFjIjoiZTQzZjQxMjU3Y2VlNjQ2NWZiN2RiNWUzOTBmZDc4MjUwYTFlYzU3NDJkZTRlYjYzY2I1MTkzMmQwNmQ3MDFiMyIsInRhZyI6IiJ9&standardNumber=IS%20417%20(Part%201):2003
IS 418:2004,IS 418:2004,IS 418:2004,published,,,2025,Bureau of Indian Standards,https://standards.bis.gov.in,true,https://standards.bis.gov.in/website/standard-details?encryptedId=eyJpdiI6IjlWMTZ2Z0piWERNOTRXMDZtbVlEaEE9PSIsInZhbHVlIjoic2U5TzhlOHpFYy81Q05ucFcxVHlLUT09IiwibWFjIjoiZTY2MDMzZjUwZTA2NWZjZGUzNGFlMDQzMWY1MTgxZTI4ZTUwODA3NzAzNmRjYmU1OWIzMWZkZGFjZDc3NjhhOCIsInRhZyI6IiJ9&standardNumber=IS%20418:2004
IS 419:2023,IS 419:2023,IS 419:2023,published,,,2023,Bureau of Indian Standards,https://standards.bis.gov.in,true,https://standards.bis.gov.in/website/standard-details?encryptedId=eyJpdiI6IlQxTFRlMlhJZEZ0d3NPMjRaUnB0SXc9PSIsInZhbHVlIjoiVUNMYmp0TjQ5cnIxUE5GVTBheHdxQT09IiwibWFjIjoiYjVmMTZjMGJiNGI3YTRhODVjZWQ1ZTQxMjk3ZGVjODk3ZTg3MjBmZTcxNDJhZTI3ODM1ZmM5OGNkZWU2Nzg3NCIsInRhZyI6IiJ9&standardNumber=IS%20419:2023
IS 422:1981,IS 422:1981,IS 422:1981,published,,,2026,Bureau of Indian Standards,https://standards.bis.gov.in,true,https://standards.bis.gov.in/website/standard-details?encryptedId=eyJpdiI6IndnRnZVcHIrTEhwd2orME5TSmtiSFE9PSIsInZhbHVlIjoiQnFWek0wdG5ZalV0c3JvQ3RRY1lwZz09IiwibWFjIjoiMDdlY2E4Zjk3NzFkNzlmZGE2YWQ3ZDRiYjQ2Y2ZiNmRlMmI5MWNjMjQ5Y2VjYTk1ZTIzMWUxMWRjMTIwOGYyYiIsInRhZyI6IiJ9&standardNumber=IS%20422:1981
IS 423:1961,IS 423:1961,IS 423:1961,published,,,2024,Bureau of Indian Standards,https://standards.bis.gov.in,true,https://standards.bis.gov.in/website/standard-details?encryptedId=eyJpdiI6ImltMkRnUGQwNitwUzdFUzNTdUtWN3c9PSIsInZhbHVlIjoiOTh5czlIeEltWTQ1aEZxUFFZdU1adz09IiwibWFjIjoiNmY0MWUwMTI5MTY1NTYyNGY3ZmJiYTdiN2I4YWIxNmZlZGQ0NGFiMjk5YmU0ZDAzZjk1MzZiNGUzYjg2MGY2NyIsInRhZyI6IiJ9&standardNumber=IS%20423:1961
IS 427:2013,IS 427:2013,IS 427:2013,published,,,2023,Bureau of Indian Standards,https://standards.bis.gov.in,true,https://standards.bis.gov.in/website/standard-details?encryptedId=eyJpdiI6Ik9ZZE84akhHMVlnRzB6MGQyNUN0a3c9PSIsInZhbHVlIjoiQkg3dE1KV2sxSERISG1DcmZzQkV0QT09IiwibWFjIjoiNTc5YmI4Y2FkMDA1NThkZjM0YmIyMmY0ODc2MGI3ZmVlYjBmNzQ1YjIwZmY3NzdiMTBlM2QxNDZjNzUzY2U5MyIsInRhZyI6IiJ9&standardNumber=IS%20427:2013
IS 428:2013,IS 428:2013,IS 428:2013,published,,,2023,Bureau of Indian Standards,https://standards.bis.gov.in,true,https://standards.bis.gov.in/website/standard-details?encryptedId=eyJpdiI6IkZ2T3hjSUs0b2lxY2JXYkNWZUs1bFE9PSIsInZhbHVlIjoiTUJUZTJEeEV5S1p6elJrZVNOclhDQT09IiwibWFjIjoiNzg2ZjFjZGMwMzk2YzQ4YmUwZTA0MDEwYmMyOTk1YTY5OTA4Njk2MjM0OWQ1NzljMzY1NWM1YzY0Nzg0YzgxOCIsInRhZyI6IiJ9&standardNumber=IS%20428:2013
IS 430:1972,IS 430:1972,IS 430:1972,published,,,2024,Bureau of Indian Standards,https://standards.bis.gov.in,true,https://standards.bis.gov.in/website/standard-details?encryptedId=eyJpdiI6IjNaNEM5VlI2Qm9KU2ZLZ1JLaXVzMUE9PSIsInZhbHVlIjoiU0s4WWJUSmlNblpsVW5DWHpFd2ZoUT09IiwibWFjIjoiMDE2N2RjZTljMGQxNTc4OThlZDEzMWY0NDE4YmJmMGRiMGU1MWQ5MGNlNjA1ZmYzMjQ3NWQ2M2ZjMWIxZDEyYyIsInRhZyI6IiJ9&standardNumber=IS%20430:1972
IS 431:1972,IS 431:1972,IS 431:1972,published,,,2024,Bureau of Indian Standards,https://standards.bis.gov.in,true,https://standards.bis.gov.in/website/standard-details?encryptedId=eyJpdiI6IkduOFBaTXp4R2pObDZTN1ZnOHJ1dXc9PSIsInZhbHVlIjoic2E2bnVySUd4RzgxUSt3dkRMejR5QT09IiwibWFjIjoiNTgyNmNhYjhmMWRmZDA0ZTZhODEzNjUwZWY1NjE2MjgzMTdlYzNkYjQyOGFkYjczNzkzNDI4MTdhMjY2MzAwNyIsInRhZyI6IiJ9&standardNumber=IS%20431:1972
IS 432,IS 432,IS 432,published,,,2020,Bureau of Indian Standards,https://standards.bis.gov.in,true,https://standards.bis.gov.in/website/standard-details?encryptedId=eyJpdiI6IlhaeVNwSlU4aE5hMDl6V1VpV3U4MlE9PSIsInZhbHVlIjoiUEx0elZGQTVGeG04WmlkcThOVXJKdz09IiwibWFjIjoiOWQwOTJlNjQ3Yjg0ZGIxN2UxY2M2MjUyNDg1OWM4ZGUxNjFiZDE5ZDI5ZmJmMDg5ZWY0YTk0NzM5NDlhOTQ3NyIsInRhZyI6IiJ9&standardNumber=IS%20432%20(Part%201):1982
IS 433,IS 433,IS 433,published,,,,Bureau of Indian Standards,https://standards.bis.gov.in,true,https://standards.bis.gov.in/website/standard-details?encryptedId=eyJpdiI6InpIU1RhRVJCbVVXeWRENC9XUFJQUVE9PSIsInZhbHVlIjoibHJKNkkzdWFiUHVRNFNVWUlZc2dKUT09IiwibWFjIjoiZjBhYzkyMGI4NWZkOGQxYzExZjY1NDVhM2Y3ZWM5Mzk3YTA3NTNkMDdlZTRhMDg2NTgzN2UxMzY3MmI4YTdlNCIsInRhZyI6IiJ9&standardNumber=IS%20433%20(Part%207):2022
IS 435:1973,IS 435:1973,IS 435:1973,published,,,2025,Bureau of Indian Standards,https://standards.bis.gov.in,true,https://standards.bis.gov.in/website/standard-details?encryptedId=eyJpdiI6IkErMWxtV2Z4U0FsSzdyZUx3WEM1TUE9PSIsInZhbHVlIjoiMWQxd3dnay92aW9jRDN6eWFqajBzQT09IiwibWFjIjoiMjlkMWQ1NzFmZTJhMzBhZmEyYzkyMjU4NGJjNWRlYmY5MzE3OGJhNDhiYmViNDJkZjU4NzczZDBiNzJjOTRjMCIsInRhZyI6IiJ9&standardNumber=IS%20435:1973
IS 436,Part 1 : Sec 1 : 1964,Part 1 : Sec 1 : 1964,published,,,2024,Bureau of Indian Standards,https://standards.bis.gov.in,true,https://standards.bis.gov.in/website/standard-details?encryptedId=eyJpdiI6Im11dmhEZ21adXRLVjVyMmxtRi9ZK2c9PSIsInZhbHVlIjoiUUR2bkJhTGFOZFhUeVRyT0FtRFhTQT09IiwibWFjIjoiYTQ1YTViOGE3N2ExZWI3ZWQ3ZDMzMDlmNTEyZjQ2MjU4MTZkMzE4OTIzZTE4NzVkNDc2NmQ2YWJjNzU2YjQ0YiIsInRhZyI6IiJ9&standardNumber=IS%20436%20(Part%201%2FSec%201):2024
IS 437:2020,IS 437:2020,IS 437:2020,published,,,2025,Bureau of Indian Standards,https://standards.bis.gov.in,true,https://standards.bis.gov.in/website/standard-details?encryptedId=eyJpdiI6IjQvWVJ1dGZxazZPSE9LeGZXTmkzMnc9PSIsInZhbHVlIjoiOXZhNFBjNG9DUnhhdm9uUE81c0pvZz09IiwibWFjIjoiNjUzNjJmZTc2M2IzM2Y4NDk1ZjMyNTVjNGU3N2IyMDE4NTkxNDNhMjc3N2Q2Mjk4MDMwZTk3YTkzMDNlZjI3YyIsInRhZyI6IiJ9&standardNumber=IS%20437:2020
IS 438:2006,IS 438:2006,IS 438:2006,published,,,2026,Bureau of Indian Standards,https://standards.bis.gov.in,true,https://standards.bis.gov.in/website/standard-details?encryptedId=eyJpdiI6IlNDUmFSR2lFdklUNGZlbTBvWDZSS0E9PSIsInZhbHVlIjoiQTdEcjFJNW5ZaEtFMUJqaDZXcEJyQT09IiwibWFjIjoiMThmMTA5N2QzNWIzOTBmZWMyODk0NjliYjdiYzg3YWYwYzI3MjVkYjZmMDUwZWQ5YzNkZTg5NTdjZGMzYjlmNSIsInRhZyI6IiJ9&standardNumber=IS%20438:2006
IS 439:2020,IS 439:2020,IS 439:2020,published,,,2025,Bureau of Indian Standards,https://standards.bis.gov.in,true,https://standards.bis.gov.in/website/standard-details?encryptedId=eyJpdiI6IlFPeE03MEUzUUY0cDUrMmVTeTdwQWc9PSIsInZhbHVlIjoiUExidFBWN05FUGVLQTRucjh3TkFVUT09IiwibWFjIjoiMjk1M2EzNDVmMmU4MDc4ODQ3Y2FkMjJlMzllOTY0MGU4ZTVmN2Q2NmU0NGRkZmEzMGVmOGU3YWVjODM1NGFhMSIsInRhZyI6IiJ9&standardNumber=IS%20439:2020
IS 440:2025,IS 440:2025,IS 440:2025,published,,,2025,Bureau of Indian Standards,https://standards.bis.gov.in,true,https://standards.bis.gov.in/website/standard-details?encryptedId=eyJpdiI6InNQTmsvbzdqaFIvNjlmTGIyR0xpSXc9PSIsInZhbHVlIjoiZStmdkllTkxhNG1zTmg4dVZHUzY5QT09IiwibWFjIjoiNjcyYjgxMDZkYTNjOTdlZGZmNWZjOWNmOTg4YThiNzc2MjkwZGEyMjhmY2VjZjMzZGI0NzA1YWQ2MmQwMzRhNSIsInRhZyI6IiJ9&standardNumber=IS%20440:2025
IS 443,IS 443,IS 443,published,,,2022,Bureau of Indian Standards,https://standards.bis.gov.in,true,https://standards.bis.gov.in/website/standard-details?encryptedId=eyJpdiI6ImtBY21EcjZYcXRIVjFtUGtneGtOdmc9PSIsInZhbHVlIjoienhUNTkzSmNpVzFDaEtYcm5xTTVzUT09IiwibWFjIjoiMTg5ZDc4M2FlYzNlNTg5M2JiMTY1ZDM2OTFjN2EwZTkwMDdjZDVmNGM4YTkzODBiYWI0OGM2NTA1NDdjMGI1MSIsInRhZyI6IiJ9&standardNumber=IS%20443%20(Part%201):2022
IS 4:2024,IS 4:2024,IS 4:2024,published,,,2024,Bureau of Indian Standards,https://standards.bis.gov.in,true,https://standards.bis.gov.in/website/standard-details?encryptedId=eyJpdiI6InpEYUNMakVudU5rTFFmUnlyVzVaaXc9PSIsInZhbHVlIjoiWVVQYUk4M0tHVnB0N2JsQUV1RndYdz09IiwibWFjIjoiNmYyNjNlOTEyODg2MWYyMDBiZjk4NWUxZGY0N2ZlNWFhNWU3MmI3MWFmZTQwMmI2Y2ZmZTkxNzM2YzMxZjBmMiIsInRhZyI6IiJ9&standardNumber=IS%204:2024
IS 500:2024,IS 500:2024,IS 500:2024,published,,,2024,Bureau of Indian Standards,https://standards.bis.gov.in,true,https://standards.bis.gov.in/website/standard-details?encryptedId=eyJpdiI6Ik5ockpNVDhsNmtTeGdkZjZHTzJWWkE9PSIsInZhbHVlIjoiQXBmaFVDNVBEcmFJV3BnSnppbmNjdz09IiwibWFjIjoiOWM0MzE2MjY1MTVjNzFjYTcyNGM0MTI3YjU3ZWZhYmE2YjMwNzUxM2UxOWEyNTVmMjc5ZDAxNzkyYmY0YmExNSIsInRhZyI6IiJ9&standardNumber=IS%20500:2024
IS 501:1976,IS 501:1976,IS 501:1976,published,,,2024,Bureau of Indian Standards,https://standards.bis.gov.in,true,https://standards.bis.gov.in/website/standard-details?encryptedId=eyJpdiI6IjRUcDhCUFRYUmlkdzNMUUtRcHI4RUE9PSIsInZhbHVlIjoienFzOTY2MHVQYjdERXgwVE1CRUpEUT09IiwibWFjIjoiZWMyMjhhODBiODc1YmE0NTc4ZTliOWVkOGJiZGY1ZTYwODVmZjc2ZjM1MzUyMjZhODU3NmZiZDkzY2VmMTA0MCIsInRhZyI6IiJ9&standardNumber=IS%20501:1976
IS 504,IS 504,IS 504,published,,,2023,Bureau of Indian Standards,https://standards.bis.gov.in,true,https://standards.bis.gov.in/website/standard-details?encryptedId=eyJpdiI6IkRnODBGRU1rakNDWnFSdG44SGo2T1E9PSIsInZhbHVlIjoiM09ld1JPNHFWbU80U3B2MVF0VEtPdz09IiwibWFjIjoiYzA5ZjVhMDYzODkzYTAxMzQ5OGJiMWRmMTdjYjcyNDg4OWY5YzAwYTY1MGRmYmUyNjgwMWU2NWJkNGZmMzkzMSIsInRhZyI6IiJ9&standardNumber=IS%20504%20(Part%201%20To%2012):2002
IS 504:1963,IS 504:1963,IS 504:1963,published,,,2023,Bureau of Indian Standards,https://standards.bis.gov.in,true,https://standards.bis.gov.in/website/standard-details?encryptedId=eyJpdiI6ImlEUzdWc2QxekwvbG1uRHJ4M3RtcFE9PSIsInZhbHVlIjoidmZoOFZLVksydVlOdWdaV1NxK2JrQT09IiwibWFjIjoiYThjNzRkZmI5YTYzNGUxM2VmZDAxMTZiZmE0NzcyZDk2YzVkODIwY2U5NWZjMGExZGViODUwYWQ3NDMzNmQwNyIsInRhZyI6IiJ9&standardNumber=IS%20504:1963
IS 505:2024,IS 505:2024,IS 505:2024,published,,,2024,Bureau of Indian Standards,https://standards.bis.gov.in,true,https://standards.bis.gov.in/website/standard-details?encryptedId=eyJpdiI6IkNwZ0Z5YmZLaWJ4SU1BVmxmVFVob0E9PSIsInZhbHVlIjoiOU5RRFRnZEpRblhDUjZZWityZXAwQT09IiwibWFjIjoiYzBiNWU2MzM5NDEyNzEwYjg2NjdlOGJiNWUyMzcxMmY1YzQwOGMxOWYxMWY1ZTE4OWZlZGZhYWQyN2JjMzdhYSIsInRhZyI6IiJ9&standardNumber=IS%20505:2024
IS 506:2019,IS 506:2019,IS 506:2019,published,,,2024,Bureau of Indian Standards,https://standards.bis.gov.in,true,https://standards.bis.gov.in/website/standard-details?encryptedId=eyJpdiI6InV3Z1JVbnorUWdlMEY4VDFvQVBXWGc9PSIsInZhbHVlIjoieGpneTJ6WC9hcWVoRTZJaGczamg0QT09IiwibWFjIjoiMzA3MjI5YTZmZWIzNTU0NDg4MTlmODMzNzQ5YjczYTVlNGEwMDlmMTYyZTQyNmJjYTZjODE1ZDY0Y2FjY2VhOCIsInRhZyI6IiJ9&standardNumber=IS%20506:2019
IS 507:1993,IS 507:1993,IS 507:1993,published,,,2021,Bureau of Indian Standards,https://standards.bis.gov.in,true,https://standards.bis.gov.in/website/standard-details?encryptedId=eyJpdiI6ImYyelpwa1NJa0h4LzJxazkrV24reVE9PSIsInZhbHVlIjoiZmF5TUxZeFFtK2NmSmIvWGxwUFdvQT09IiwibWFjIjoiM2RlYmQ5NTExNmFmM2JjZmU2MjRiNmM1OTAxNDExNzhiNGU1NDU4OTg4Y2Y4OWIyNTg3NjBkZjFkYTQ4MmEyMSIsInRhZyI6IiJ9&standardNumber=IS%20507:1993
IS 507:2026,IS 507:2026,IS 507:2026,published,,,,Bureau of Indian Standards,https://standards.bis.gov.in,true,https://standards.bis.gov.in/website/standard-details?encryptedId=eyJpdiI6IjZSUU9yUlF2MWl2RWRTSHNCdFFSZnc9PSIsInZhbHVlIjoiRDhVeUZSZGJlRmpEMFY3cktZUWVYZz09IiwibWFjIjoiN2Q4ZjQ3MGY1OGNlZGZhMGYyMDAyOTI1YTlhODA0ZGUyY2QwOWY5YzI1YmMxNjNkYTFjY2ZiMGYzNjE0ODM5MCIsInRhZyI6IiJ9&standardNumber=IS%20507:2026
IS 508:2022,IS 508:2022,IS 508:2022,published,,,2022,Bureau of Indian Standards,https://standards.bis.gov.in,true,https://standards.bis.gov.in/website/standard-details?encryptedId=eyJpdiI6ImhjMFBTaU1LQ2NhSys0dTNUOFQ1RGc9PSIsInZhbHVlIjoiekhVWCt2TzJtZnppUmhoekI4S0pEUT09IiwibWFjIjoiOGIzYmMzMGNiYjU1MmJmMjI3YTM5N2E0OThkOWU1MTBlODYzZjQ0NzI3ZmEwNTRmZThkMzliMmNhZjRiMWQzMyIsInRhZyI6IiJ9&standardNumber=IS%20508:2022
IS 510:1986,IS 510:1986,IS 510:1986,published,,,2025,Bureau of Indian Standards,https://standards.bis.gov.in,true,https://standards.bis.gov.in/website/standard-details?encryptedId=eyJpdiI6IkhZR1UxSkd1WDRWN0I4NDRoMkt5U1E9PSIsInZhbHVlIjoicTZQcVB2VFk5SGN6a0tmNE1uNWFxZz09IiwibWFjIjoiZWRkMDg1YWVhZTBlOTBiZDRlNzhjYWFkZGE4M2YzOWQxOTFmODMyYWUyMThmMjU2NDY2NTI4M2I2M2MwNDRlMiIsInRhZyI6IiJ9&standardNumber=IS%20510:1986
IS 512:2025,IS 512:2025,IS 512:2025,published,,,,Bureau of Indian Standards,https://standards.bis.gov.in,true,https://standards.bis.gov.in/website/standard-details?encryptedId=eyJpdiI6Ild6TkpnY3FlUGNsekF4S0NuME13UkE9PSIsInZhbHVlIjoiK1FRUUc1SExRNC9kUFJNSkFkbE9tdz09IiwibWFjIjoiNDY0YzczZmRiYzc2YzdjMGVkNzgxZmFlYWNkNDQwYmFkMTljN2Y2ZjAyYTc3MzhmMDlmZjcyYzAxZjNlNDVhYyIsInRhZyI6IiJ9&standardNumber=IS%20512:2025
IS 513,IS 513,IS 513,published,,,2021,Bureau of Indian Standards,https://standards.bis.gov.in,true,https://standards.bis.gov.in/website/standard-details?encryptedId=eyJpdiI6InY5VWk5UStWYTZmdEIwREhTR1JiR0E9PSIsInZhbHVlIjoiWkdkbnoremFLUEttNVpzNkkvQm8rUT09IiwibWFjIjoiYzBiODNmYmQyODM5NGRhZWRkYjczOTFhNzYxNDhjMWU1MjgwMGU4OTA5NmNkMTkzNWMyZmQ1OWVhNWMxMjhiMCIsInRhZyI6IiJ9&standardNumber=IS%20513%20(Part%201):2016
IS 514:2025,IS 514:2025,IS 514:2025,published,,,2025,Bureau of Indian Standards,https://standards.bis.gov.in,true,https://standards.bis.gov.in/website/standard-details?encryptedId=eyJpdiI6IjZrdS9IaG93eVl2YU91VFJaZ0tEZWc9PSIsInZhbHVlIjoia0FVNG9LUjNyVjVQQk1UZ2k3WHUwQT09IiwibWFjIjoiNjUyZjM2MzgxZDY2ODUzMDIxNWJkYjYzNWY3YTBiY2QxN2UyMjMxZTFlNjQ0ZjVmYmQxOTUyNDU4NmNhYWU0NiIsInRhZyI6IiJ9&standardNumber=IS%20514:2025
IS 516,1959,1959,published,,,,Bureau of Indian Standards,https://standards.bis.gov.in,true,https://standards.bis.gov.in/website/standard-details?encryptedId=eyJpdiI6InlRbE1PNzM2Y3FKbkdHMTcrRlVyUFE9PSIsInZhbHVlIjoiQVBBQ0pubVlLcmN5dEgyTFJteUlXdz09IiwibWFjIjoiY2M0ZTI0MGI2YWVjYjA1ZTlhNDU1ZDY1ZTVmMDRiMmZlMDk5MTM5MDExYTI0OTViZTRlZWEzNWJlMjNkN2VjNSIsInRhZyI6IiJ9&standardNumber=IS%20516%20(Part%201%2FSec%201):2021
IS 517:2020,IS 517:2020,IS 517:2020,published,,,2024,Bureau of Indian Standards,https://standards.bis.gov.in,true,https://standards.bis.gov.in/website/standard-details?encryptedId=eyJpdiI6ImZhT3RtMk9jV0xjNzg0N3JEN3F0N2c9PSIsInZhbHVlIjoiRGNianZsZGN6TGtnVjJ6bVhQcWFlZz09IiwibWFjIjoiYjJkMjA5MWJhZmRjNWFkZmVmZTlkNGEzOTUyMTRlZDU4ZWVjMDU0ODZhNThjMzJhYzg1OTJhYTQ2OGE0MWU2MSIsInRhZyI6IiJ9&standardNumber=IS%20517:2020
IS 524:2024,IS 524:2024,IS 524:2024,published,,,2024,Bureau of Indian Standards,https://standards.bis.gov.in,true,https://standards.bis.gov.in/website/standard-details?encryptedId=eyJpdiI6Ik9UV01PTEEvK2RLSjFBVllyS0NRaFE9PSIsInZhbHVlIjoiM0djZVdvM1MyWlA3cnRQMk0vMkVjUT09IiwibWFjIjoiNzI0NWM1YmQzNzM0MzM5MmJlZDA0NDcxMTUxNmEzYTYyMWE2OGI1NDU1NmM5MDY5MzUxYmYwMzFkNzMwYzc0ZiIsInRhZyI6IiJ9&standardNumber=IS%20524:2024
IS 526:2007,IS 526:2007,IS 526:2007,published,,,2022,Bureau of Indian Standards,https://standards.bis.gov.in,true,https://standards.bis.gov.in/website/standard-details?encryptedId=eyJpdiI6ImRCRGN2WXorVGg3aTZRVSsyajNHcmc9PSIsInZhbHVlIjoiaVJtd1E3Smd4aWJMM0hOWkFGTXJVdz09IiwibWFjIjoiNzJmMWRkZTYwYzM5ZTY1NjcyOTE0YjVlODJkZWFjNWYxNzYzOGExYTg1ZWI5YTk0MWVlZDBmODZhMTUwNDBmMiIsInRhZyI6IiJ9&standardNumber=IS%20526:2007
IS 528:2025,IS 528:2025,IS 528:2025,published,,,,Bureau of Indian Standards,https://standards.bis.gov.in,true,https://standards.bis.gov.in/website/standard-details?encryptedId=eyJpdiI6Im5wUHJXSTM2cFl1SnZKaE1NVVp5QVE9PSIsInZhbHVlIjoiL0NMc3lxelVYUExwZlE1aEtkTjlvdz09IiwibWFjIjoiYmY0YmZiMzRjOGYyODg3OTNkNDQ5OWVmNTUxODVjMmUwMGY4NWM4MzQ0YzU3ODhmYTNmYzhiNDU1MTZlOTk4NyIsInRhZyI6IiJ9&standardNumber=IS%20528:2025
IS 530:1976,IS 530:1976,IS 530:1976,published,,,2024,Bureau of Indian Standards,https://standards.bis.gov.in,true,https://standards.bis.gov.in/website/standard-details?encryptedId=eyJpdiI6IlRVcy9uRFQxMkMyNUgzVHJ4S21Bamc9PSIsInZhbHVlIjoicWYxOEg4ZUtDRjhwOEZkYWZGeEZKdz09IiwibWFjIjoiMzM1MWZlMWU1ZjgwNTY5MWRhYzBjYWJiMTZkMTJlYzcyZmI5YzU5Njc1YWM4YjQ5ZjAyZGJlZTQzNjcyYzJiZiIsInRhZyI6IiJ9&standardNumber=IS%20530:1976
IS 531:1981,IS 531:1981,IS 531:1981,published,,,2026,Bureau of Indian Standards,https://standards.bis.gov.in,true,https://standards.bis.gov.in/website/standard-details?encryptedId=eyJpdiI6Im9sSTc3aXVYUjhncDh5dGJjYW4rcUE9PSIsInZhbHVlIjoieDgxRC9hN3hiUnp1Z09wV0F4NThZdz09IiwibWFjIjoiZWVjZWE3ZDY2YjAwN2YwZDk0ZmExNjE0ZWFkMjAxYjA2YmRkMTU5ZmNkYWZmN2VkZDYyY2Y4MDcyODY5MmZkMyIsInRhZyI6IiJ9&standardNumber=IS%20531:1981
IS 533:2007,IS 533:2007,IS 533:2007,published,,,2022,Bureau of Indian Standards,https://standards.bis.gov.in,true,https://standards.bis.gov.in/website/standard-details?encryptedId=eyJpdiI6ImVRSGZXUmpwaFZxcEE0SDNqaVBpcFE9PSIsInZhbHVlIjoiTWcyY0N5R3IvUXRpd0l2dnVybkJ3Zz09IiwibWFjIjoiYjA0MDBjZTgzZjVmNTQ5ZDI3ZjcxMzEyNzU5NzBlNzc0MmJhYTJkYzMwNzJiNGY0YzNhN2MxODk3MmRmOWU1MSIsInRhZyI6IiJ9&standardNumber=IS%20533:2007
IS 534:2021,IS 534:2021,IS 534:2021,published,,,2025,Bureau of Indian Standards,https://standards.bis.gov.in,true,https://standards.bis.gov.in/website/standard-details?encryptedId=eyJpdiI6IjRIUzVNZEREeG9TT2JtZEdqZ3B4WUE9PSIsInZhbHVlIjoiYzJZYjgvUXFGYmdQSlc4TkF2N3FiQT09IiwibWFjIjoiODgzMTQ3ZDI0YWQ4NzM5MmExNzRlNDhhNWEyZWViZmFkYTQ3YTkyZTI5ODRhYzJjMWU1MDk5ZWJmNjZiOTFlOSIsInRhZyI6IiJ9&standardNumber=IS%20534:2021
IS 537:2025,IS 537:2025,IS 537:2025,published,,,2026,Bureau of Indian Standards,https://standards.bis.gov.in,true,https://standards.bis.gov.in/website/standard-details?encryptedId=eyJpdiI6IktmUmdCZDZnS3E2TklscFcvY1BjVEE9PSIsInZhbHVlIjoicFo5UHFQb2ttM05xbGQwMFNIRHI1Zz09IiwibWFjIjoiMWQ5YjA2N2EyODNiZDQwMzU2NWMxOWYwZTViMzIzZTRiY2FhYmYyYThlN2RkMGZkNmYyMGE3NjA1Y2NhZjg2NiIsInRhZyI6IiJ9&standardNumber=IS%20537:2025
IS 538:2020,IS 538:2020,IS 538:2020,published,,,2025,Bureau of Indian Standards,https://standards.bis.gov.in,true,https://standards.bis.gov.in/website/standard-details?encryptedId=eyJpdiI6IkY4WWRZZkFObWtxWWkxTkFNb0N2Tnc9PSIsInZhbHVlIjoidHF1N0dCMklwQ2hYQThVa25kWGlkQT09IiwibWFjIjoiNWY3ZWVjMzg0YjJiNzI1ODJmYmRjZGQ1NDQ4ODEzNmE5MmVkZGI4NWQwNjI0ZmE0NWI5ZDJkYjc3Yjc3ODRmMiIsInRhZyI6IiJ9&standardNumber=IS%20538:2020
IS 539:1974,IS 539:1974,IS 539:1974,published,,,2026,Bureau of Indian Standards,https://standards.bis.gov.in,true,https://standards.bis.gov.in/website/standard-details?encryptedId=eyJpdiI6IkFMcGF3alpIVk9FeW5WVzlqVzB1aWc9PSIsInZhbHVlIjoibXZMNlNtR2hXVWdVQTNncmxtRTgrQT09IiwibWFjIjoiOTkwZWQ2MGFkMDcxZmFlMmM3NTRmMDBiNDBiZjhkYTY3OGEzYjc0YmY4Y2EwMmM0YmU4ZmZiZmY3NTE3MzBjZCIsInRhZyI6IiJ9&standardNumber=IS%20539:1974
IS 540:1968,IS 540:1968,IS 540:1968,published,,,2026,Bureau of Indian Standards,https://standards.bis.gov.in,true,https://standards.bis.gov.in/website/standard-details?encryptedId=eyJpdiI6Ijd3WFpONHp2TFdsdXhtd2lWeXFBd2c9PSIsInZhbHVlIjoiTVdTQXVxMFVPZ1pMZUkzTmVKeGM4Zz09IiwibWFjIjoiODQwMWNlNzk0NmYyOTA0MWNiOTNhNTBiY2ZhY2QwMTVlNGUxNDliM2NkMDYwNjc1OTg1ZGE2ZjJjOTcwZTEzZSIsInRhZyI6IiJ9&standardNumber=IS%20540:1968
IS 542:2018,IS 542:2018,IS 542:2018,published,,,2023,Bureau of Indian Standards,https://standards.bis.gov.in,true,https://standards.bis.gov.in/website/standard-details?encryptedId=eyJpdiI6IlBPRy9kQWw3eUc0cUQ1Y1Z6bWlGTkE9PSIsInZhbHVlIjoiZnRxVnpnTDJLOG8ySlB0ZE44SFRyUT09IiwibWFjIjoiMzZjNWYwNzhjZGE3YTM3ZWNjMDAwOTk0M2NkNjg0MDAxNDlmYWJlOTljNDM3N2M4N2QyZjMyMjM1NzY0NDNiNyIsInRhZyI6IiJ9&standardNumber=IS%20542:2018
IS 543:2018,IS 543:2018,IS 543:2018,published,,,2023,Bureau of Indian Standards,https://standards.bis.gov.in,true,https://standards.bis.gov.in/website/standard-details?encryptedId=eyJpdiI6IkFoOWI4VnlMYWxYOVlmT1loZS9rOVE9PSIsInZhbHVlIjoiNWpIUzhqUjBCWTFmNGhSNmJuNnNUUT09IiwibWFjIjoiNWY3M2RiNzVkM2EyMDI2Y2QwMzkxMjQ1NTU1NzYyNmI2ZDlkZTJkZGZjYTQ4MmMzMDc3YTZhOWViM2RhNGNmMSIsInRhZyI6IiJ9&standardNumber=IS%20543:2018
IS 544:2014,IS 544:2014,IS 544:2014,published,,,2024,Bureau of Indian Standards,https://standards.bis.gov.in,true,https://standards.bis.gov.in/website/standard-details?encryptedId=eyJpdiI6Ii9MNkQ3VW1xRFRSbThLRmlsei9nZnc9PSIsInZhbHVlIjoiL2NPeDZPL0FnbUlkbFJ4cEFiaGx1UT09IiwibWFjIjoiNmYwMWQxNDE1NTVhZjgzMzIyMGM5ZGY3NWM5MDIyMzMxYmMxYTQzNWYwN2RhMzRiMTFiMjY0MjIyNTliY2ExNCIsInRhZyI6IiJ9&standardNumber=IS%20544:2014
IS 545:1984,IS 545:1984,IS 545:1984,published,,,2022,Bureau of Indian Standards,https://standards.bis.gov.in,true,https://standards.bis.gov.in/website/standard-details?encryptedId=eyJpdiI6IlpzNUVpVEdFQ2Z0K3Z5UzAyRDBOMVE9PSIsInZhbHVlIjoiUXNCKzlGcmwrdnZKZmZsb0loYU5hUT09IiwibWFjIjoiYWJhNTlmYjAyMDNhYjNkY2QyOTUyMDlmZDQ5NGZhNmRiMzQ5ZDFmZTViODRlYjRhYTM1NDA0NzFiMGY2NjkyNCIsInRhZyI6IiJ9&standardNumber=IS%20545:1984
IS 546:2014,IS 546:2014,IS 546:2014,published,,,2024,Bureau of Indian Standards,https://standards.bis.gov.in,true,https://standards.bis.gov.in/website/standard-details?encryptedId=eyJpdiI6IjJCcERVNitIREtqbSt2ZDl3NENIYnc9PSIsInZhbHVlIjoiMlUwNHQrVDRNOGdNeUJVR0prZXdNQT09IiwibWFjIjoiNDM4MTBkMDFkNWRmYjNhMWExODU4M2ExODU2ZTg3MjYwZmY3MzMwOTg2MTViNDhkZmIyM2JiOTkxYzZiNTVkZiIsInRhZyI6IiJ9&standardNumber=IS%20546:2014
IS 547:2018,IS 547:2018,IS 547:2018,published,,,2023,Bureau of Indian Standards,https://standards.bis.gov.in,true,https://standards.bis.gov.in/website/standard-details?encryptedId=eyJpdiI6IkhEek91SUhOVnBwMFFnenVLWmZINGc9PSIsInZhbHVlIjoia3F1M0VqaWJxTjk3VkhNaXNCQ1lhdz09IiwibWFjIjoiYzFmMTEzZTcxMjk4NGE4YTgxNmRlYjFhNzViNzUzMzFlOGU3ODY0ZjhmYTQwZjJmYmFmZDMxZDk2ODVjZWU3MyIsInRhZyI6IiJ9&standardNumber=IS%20547:2018
IS 548,Part 1 : 1964,Part 1 : 1964,published,,,,Bureau of Indian Standards,https://standards.bis.gov.in,true,https://standards.bis.gov.in/website/standard-details?encryptedId=eyJpdiI6IlhIMCs3ZTdsTjdDZWJSM1A2MzVuSlE9PSIsInZhbHVlIjoiNmFLVk5IYUdlaVUwcVk2cGtucy9KQT09IiwibWFjIjoiNjRhOWVmNzRhNWE2N2U1ZDM4NDU3ODM2YzgzZjA0NWFkNDA1NzE0MmVhMmU3MGNkNDdiMjBmMzdmZjhjNmFkNiIsInRhZyI6IiJ9&standardNumber=IS%20548%20(Part%201%2FSec%201):2021
IS 5:2007,IS 5:2007,IS 5:2007,published,,,2022,Bureau of Indian Standards,https://standards.bis.gov.in,true,https://standards.bis.gov.in/website/standard-details?encryptedId=eyJpdiI6InkrZmxrakZFYWg3RndWU1lvSE9nRHc9PSIsInZhbHVlIjoidXhrdEZ0Z3QzVTFsc215b3ZIU25BQT09IiwibWFjIjoiYjY3ZmIxZDAwNTk3MzgyZmY5OTdjYTI1NWY5NDgwMjhiNTFhZDZkYzEyZTkxNTgwOGNkZTI2NWI5OThmMTJjOCIsInRhZyI6IiJ9&standardNumber=IS%205:2007
IS 6000:1971,IS 6000:1971,IS 6000:1971,published,,,2025,Bureau of Indian Standards,https://standards.bis.gov.in,true,https://standards.bis.gov.in/website/standard-details?encryptedId=eyJpdiI6IjN1VVJQZVpYSW9vRXp4UElnVERxNlE9PSIsInZhbHVlIjoid0tqWGFhaVc1aGhIaDFDaWxQelVWQT09IiwibWFjIjoiMmQxMjdhOGQ1MjM4ZGNmZWFiNjY5MTJiZTk3NjVlYmM1YzFhMWRiMmQ3MTZlNTc3MDU2YzBlNGEwYTFkMjgzYSIsInRhZyI6IiJ9&standardNumber=IS%206000:1971
IS 6001:2023,IS 6001:2023,IS 6001:2023,published,,,2023,Bureau of Indian Standards,https://standards.bis.gov.in,true,https://standards.bis.gov.in/website/standard-details?encryptedId=eyJpdiI6Im1ZUDdDa3o5MFhQdXJJemtpVktKd3c9PSIsInZhbHVlIjoiMnJOK3haOWNXME9sTWYrTVBKbnd6UT09IiwibWFjIjoiODk0NzU4YmFkNTAxMzBiMzIxYTVkOWM1NmVhYjY5YmJmYmFmYWU0MTM1Mzc1MGI3NWJkMmFkNzgyNjFlYmE3NSIsInRhZyI6IiJ9&standardNumber=IS%206001:2023
IS 6002:1992,IS 6002:1992,IS 6002:1992,published,,,2025,Bureau of Indian Standards,https://standards.bis.gov.in,true,https://standards.bis.gov.in/website/standard-details?encryptedId=eyJpdiI6IkJXR2ZIUzBVNytVbW9mK01Nb1AzMWc9PSIsInZhbHVlIjoia3lZYVcvaU1JTzEvelJweGxsaG1sZz09IiwibWFjIjoiOTRjN2Y1MzczMzgzNDVmOGY5NmUyZDM2YzNkZTc2ZGU2MmYyMjcwZmUxOGMzNzU1MzY5MTcwYTJkMDQ3ZDQ0MSIsInRhZyI6IiJ9&standardNumber=IS%206002:1992
IS 6003:2010,IS 6003:2010,IS 6003:2010,published,,,2026,Bureau of Indian Standards,https://standards.bis.gov.in,true,https://standards.bis.gov.in/website/standard-details?encryptedId=eyJpdiI6IjRRc0dtQTJBL3pJK1NpWnd6WXErYUE9PSIsInZhbHVlIjoicGVtMXhaY2o3OUpvWTk1YVRvSzhNZz09IiwibWFjIjoiMmM4MGZlYTI4Y2M3ODEwZTEwM2JiOTM0ODk1ZmZkYmRhZDAyNTA0NWRiZDIxMWQyYzg4NjNiMTJiOWY1Y2Q4MSIsInRhZyI6IiJ9&standardNumber=IS%206003:2010
IS 6004:1980,IS 6004:1980,IS 6004:1980,published,,,2024,Bureau of Indian Standards,https://standards.bis.gov.in,true,https://standards.bis.gov.in/website/standard-details?encryptedId=eyJpdiI6IjJoZ1Zha1N1VTVITDZXcTVDT0dkTkE9PSIsInZhbHVlIjoidmtKVktuWjIwaWZoTkFJNENNTDFKQT09IiwibWFjIjoiY2JmMDYxNzQyYzI2ZjlkNmFlMWU3ZTY2MThjZjcyMWM3OWVjNGI1OTJhODJlMjgzZmQxMGM5YTE0ZmQwYTIxMyIsInRhZyI6IiJ9&standardNumber=IS%206004:1980
IS 6005:1998,IS 6005:1998,IS 6005:1998,published,,,2026,Bureau of Indian Standards,https://standards.bis.gov.in,true,https://standards.bis.gov.in/website/standard-details?encryptedId=eyJpdiI6IjF3V1Z5TTRCZjNkYkZMYzJoMXVTSFE9PSIsInZhbHVlIjoiTHFSVmRuMmRCUFNxaGM4c0ovN0FLQT09IiwibWFjIjoiMmFkM2QwOWJjNWQzYWY2NTMxZmJmZTQ5NDE2MzllM2QzMTUxNWE1NTI4MWI5MDRiYmRmZDYxMmY2NjNmN2Y0OSIsInRhZyI6IiJ9&standardNumber=IS%206005:1998
IS 6006:2014,IS 6006:2014,IS 6006:2014,published,,,2024,Bureau of Indian Standards,https://standards.bis.gov.in,true,https://standards.bis.gov.in/website/standard-details?encryptedId=eyJpdiI6ImFrWGx5YUQvODdaVjNiOUhwV2JBenc9PSIsInZhbHVlIjoiRjRrWjQ4OEZ2L2tQc25vR0xRWjhMQT09IiwibWFjIjoiNDk3NmE4MTgwZDVlNmU2ZmJmZTMyYmNiYzE4MTgyMGE1ODU1NDM2YjJkNDA4MDNlMjk2OTBkZDNlYTlmMjEzYyIsInRhZyI6IiJ9&standardNumber=IS%206006:2014
IS 6007:2025,IS 6007:2025,IS 6007:2025,published,,,2025,Bureau of Indian Standards,https://standards.bis.gov.in,true,https://standards.bis.gov.in/website/standard-details?encryptedId=eyJpdiI6IkJrK0E2bldEQVVnZXJzS1U0MnQ2U1E9PSIsInZhbHVlIjoiajJLcnRsSUhwQk5ZaHd3UTJPTVlpQT09IiwibWFjIjoiN2JkYmU0YTMxNDMwZDg4ZTg0ZmExYTQ3YzBjZjAyODMxZTY4ODA0MjFhZThkYzQzOTA5NjlkZGQxZTJjZTk5NyIsInRhZyI6IiJ9&standardNumber=IS%206007:2025
IS 6009:2024,IS 6009:2024,IS 6009:2024,published,,,2024,Bureau of Indian Standards,https://standards.bis.gov.in,true,https://standards.bis.gov.in/website/standard-details?encryptedId=eyJpdiI6IjJkTExJbmtZNS82bCtKRGF0U1dOc1E9PSIsInZhbHVlIjoidmlwUEVRSW1naEE5dVVweEtEU0h4dz09IiwibWFjIjoiYTNjNGMzOGQxZGM3NzJkOWIwNzc5NjQ5NzZjOGE2ZWYzZGMyZjRkNzJmNTdkMTA3Y2VjMzFmNDQ4ZmE5Y2VjMCIsInRhZyI6IiJ9&standardNumber=IS%206009:2024
IS 6012:1992,IS 6012:1992,IS 6012:1992,published,,,2026,Bureau of Indian Standards,https://standards.bis.gov.in,true,https://standards.bis.gov.in/website/standard-details?encryptedId=eyJpdiI6IjM2UWtVb1RoYnhoQlhlYTc4VHlEeWc9PSIsInZhbHVlIjoiV0ZUMnZmcmd5NTlXOVUxUjZFL2dYQT09IiwibWFjIjoiYTA5NWZlNWVjYTBhMzg1ZDY0Yzk4MWMzOWI3NTY5NzU3YmQyZWY1ZGNjOTA1MjNkMGM5NWQ1ZjhmYzE0N2QzOSIsInRhZyI6IiJ9&standardNumber=IS%206012:1992
IS 6013:2023,IS 6013:2023,IS 6013:2023,published,,,2023,Bureau of Indian Standards,https://standards.bis.gov.in,true,https://standards.bis.gov.in/website/standard-details?encryptedId=eyJpdiI6IkZJazVNWnFnWHNXdnZIQXR3bWp3VXc9PSIsInZhbHVlIjoiVWVJbVJrRlhLVFZqaFVrMWdTWWZpUT09IiwibWFjIjoiYjIxZTRhMjAxZTA3ZTQ0NjdmMThlMzI2YTQyNjYzZjJhZmYwNjYzOTdlZmVmMTlkOGJkODFiNjc4MjNhNjk1NCIsInRhZyI6IiJ9&standardNumber=IS%206013:2023
IS 6014:1978,IS 6014:1978,IS 6014:1978,published,,,2022,Bureau of Indian Standards,https://standards.bis.gov.in,true,https://standards.bis.gov.in/website/standard-details?encryptedId=eyJpdiI6InZsV2JRN2FYTmNVbEkrYTIxVkl0OGc9PSIsInZhbHVlIjoiR1NDVzNpb3RzMDIzU3dGUVRBUWlOQT09IiwibWFjIjoiNjQxNTllOTk2MzZmMmQ3MTUwNzkwMzJlOWYyMWEyNzczOWRmMDI1NmMwZDcyNjJmZWYzNjIyOTkyNGFiNjM4ZSIsInRhZyI6IiJ9&standardNumber=IS%206014:1978
IS 6015:1984,IS 6015:1984,IS 6015:1984,published,,,2024,Bureau of Indian Standards,https://standards.bis.gov.in,true,https://standards.bis.gov.in/website/standard-details?encryptedId=eyJpdiI6Im85bzE1UnhxWGJhcDAxdU11UnJPS1E9PSIsInZhbHVlIjoiWDdVTGRPK0dLSjhkQUljdnJnSjlIUT09IiwibWFjIjoiNDE0NjRhYjQ3MWMxZjQyNDQ4YjVhMTE3ODZmN2M3YjM1MDA4ZmZlYjJiODZkMDBiZWMxMDhmMDEyOTcyNzg0ZSIsInRhZyI6IiJ9&standardNumber=IS%206015:1984
IS 6016:2026,IS 6016:2026,IS 6016:2026,published,,,,Bureau of Indian Standards,https://standards.bis.gov.in,true,https://standards.bis.gov.in/website/standard-details?encryptedId=eyJpdiI6ImJaUlNTWkJpbHFpbllxUU05WlZoZHc9PSIsInZhbHVlIjoiVWJHRnZhUDhyVENucHpFb3ZKTWtUQT09IiwibWFjIjoiOWUwMzdiYmY3NTNlMDNhNmUxZTgzZDg4MTEzOWY3ZTM0MTZlZjAwOGNjY2QyYWVmNzBiNmE1NjBkMjJjNzM3YSIsInRhZyI6IiJ9&standardNumber=IS%206016:2026
IS 6017:1971,IS 6017:1971,IS 6017:1971,published,,,2022,Bureau of Indian Standards,https://standards.bis.gov.in,true,https://standards.bis.gov.in/website/standard-details?encryptedId=eyJpdiI6InExTWZKRWE5WExTSEZ2MjJwYXFvQ0E9PSIsInZhbHVlIjoiSkZNdllObHBpc2ZyYnRwVHh5c2t6dz09IiwibWFjIjoiMzAyN2E5ZTNkMDI4MDdmYzczOWIxZjc3MWEzMDQ3MGEyY2QyYzQxMGU1YjY2M2Y0MjQ5Njc0ZjY2MTU0YTI1ZiIsInRhZyI6IiJ9&standardNumber=IS%206017:1971
IS 6017:2026,IS 6017:2026,IS 6017:2026,published,,,,Bureau of Indian Standards,https://standards.bis.gov.in,true,https://standards.bis.gov.in/website/standard-details?encryptedId=eyJpdiI6ImdLam1SVjVtRUh6YlhhMWlRQ1ZRSVE9PSIsInZhbHVlIjoiM0l4ZlBlek55elNnTWxLcTRlcW5idz09IiwibWFjIjoiOTgwNTc3YzU4M2IyYTBiOTNkMWNkNjkxZWY3MWFjMDNlZWQ1MTVlMmU0MDNiOGU4MTJjNTA1M2M0NDU2ZWZlNSIsInRhZyI6IiJ9&standardNumber=IS%206017:2026
IS 6018:1993,IS 6018:1993,IS 6018:1993,published,,,2022,Bureau of Indian Standards,https://standards.bis.gov.in,true,https://standards.bis.gov.in/website/standard-details?encryptedId=eyJpdiI6ImoxeVM3eWM1aTJFR2cyOUdwQmg4T1E9PSIsInZhbHVlIjoiZUdxT3B4RkxVRHFpVDlOUTJhTjZpZz09IiwibWFjIjoiNDJlYWM0MWFjOTc4OTU1MWRhZGY3ODc0MWQxYjNiMGE1Y2ZjMWY5OTVmZDhhNGNiOWNhYzlkNDc5NjhiOTliYSIsInRhZyI6IiJ9&standardNumber=IS%206018:1993
IS 6019:1993,IS 6019:1993,IS 6019:1993,published,,,2024,Bureau of Indian Standards,https://standards.bis.gov.in,true,https://standards.bis.gov.in/website/standard-details?encryptedId=eyJpdiI6IlU4Q1loZENFR2NZVjZxbkhLU2JmR3c9PSIsInZhbHVlIjoiWkN1dm1vYkgvOE9FdFN6UURqQ0JwQT09IiwibWFjIjoiOGI0Y2VlZjg2MDk0NWIxNTg5ODI4MGYzZWM5YzRmMzIxNTdlN2NiY2I5NGE5NzBlMTYwNjY4N2ZlMmM3N2UzMSIsInRhZyI6IiJ9&standardNumber=IS%206019:1993
IS 6020:2022,IS 6020:2022,IS 6020:2022,published,,,2022,Bureau of Indian Standards,https://standards.bis.gov.in,true,https://standards.bis.gov.in/website/standard-details?encryptedId=eyJpdiI6Im9wNFV1N0hGYisvamJ5N2wvVkkwekE9PSIsInZhbHVlIjoiVDAyZGNSSHMzTUlDS0xaaWZrOUNQZz09IiwibWFjIjoiNjY4ZmNlOTA1NWRlYzkzNmVmMDc4NWM4ZjQ1YjQwNWI0MTQ5YzA0YzkxMTc5ZWRkNWUwNGY5MGY1N2JlOWU1MyIsInRhZyI6IiJ9&standardNumber=IS%206020:2022
IS 6021:1978,IS 6021:1978,IS 6021:1978,published,,,2023,Bureau of Indian Standards,https://standards.bis.gov.in,true,https://standards.bis.gov.in/website/standard-details?encryptedId=eyJpdiI6IkdnQVBlWDZEN2wvaGhaNVJLQVV4bVE9PSIsInZhbHVlIjoiMzBKaGcraXJxSjFYbVpWa0JsZ0FUUT09IiwibWFjIjoiMzk1ZTgxNjRmODUzMTA0YWZhNTU5MTVmZGY4YTkwNWVjNTBiZGM0ZTkzMDVkMzZmMTU5Yzg5OWJkNjU4NzlhYSIsInRhZyI6IiJ9&standardNumber=IS%206021:1978
IS 6022:2024,IS 6022:2024,IS 6022:2024,published,,,2024,Bureau of Indian Standards,https://standards.bis.gov.in,true,https://standards.bis.gov.in/website/standard-details?encryptedId=eyJpdiI6Ik9JSXU4OSsvT09Qd2tGZURnandkSmc9PSIsInZhbHVlIjoiZUw0OGNYMk8xdkVMOXM3YUdBUjlMZz09IiwibWFjIjoiYWFmZjkyYzg1MGYxYTQ0ODA4ODBkNjE5ZTUyZDA3ZDdlMzE3NDUxMzc5ODRmMWZmZGRlZjNkYWZmYjg2YTViMyIsInRhZyI6IiJ9&standardNumber=IS%206022:2024
IS 609:2020,IS 609:2020,IS 609:2020,published,,,2025,Bureau of Indian Standards,https://standards.bis.gov.in,true,https://standards.bis.gov.in/website/standard-details?encryptedId=eyJpdiI6IkphVWNkQUM0dEdGVmxrV1VnRDVrbmc9PSIsInZhbHVlIjoiVEpkZCt0Zjg1RXE1QlJLbFVtNk16QT09IiwibWFjIjoiMzFmODBjZTE2MzU3ZmI4YThmYWVlNjVhODJjNGVkMmQ3M2ZmZDBkMDExZTQxZjdlMDZjODhkMGE3Njc3MzhmYSIsInRhZyI6IiJ9&standardNumber=IS%20609:2020
IS 612:1992,IS 612:1992,IS 612:1992,published,,,2023,Bureau of Indian Standards,https://standards.bis.gov.in,true,https://standards.bis.gov.in/website/standard-details?encryptedId=eyJpdiI6IkpKaXc2d0JkK3poU0FKOERrYVd5SUE9PSIsInZhbHVlIjoiVEtzMFUrNGk0NmRqSFZDczJoUWthQT09IiwibWFjIjoiMGRmYzM3ZDVhYjkzYmJhM2Q4MTQzM2I5M2ZkZWY4ZGIwYWFjYjdlYzY3YjJhMDJkNGNkZjU1ODg0Yjg1NzA2OCIsInRhZyI6IiJ9&standardNumber=IS%20612:1992
IS 613:2000,IS 613:2000,IS 613:2000,published,,,2025,Bureau of Indian Standards,https://standards.bis.gov.in,true,https://standards.bis.gov.in/website/standard-details?encryptedId=eyJpdiI6IkNjNEVwVHRwL2ZidytsUkRvanhSaVE9PSIsInZhbHVlIjoicXpKQllUZHFrTWZCNDg0L1A1eHNnZz09IiwibWFjIjoiZGRhZTFmNjUyZTIzZTgzZjllMGQ4NjA3OWE2Nzk1YTA5ZTlhMjM4ZmMzNmYxY2ZjOTdjZWQwNGI1MmZkY2ZjYyIsInRhZyI6IiJ9&standardNumber=IS%20613:2000
IS 615:1996,IS 615:1996,IS 615:1996,published,,,2025,Bureau of Indian Standards,https://standards.bis.gov.in,true,https://standards.bis.gov.in/website/standard-details?encryptedId=eyJpdiI6IjlJSnY2anVJYjYzd0UvaVR0ZDNaNnc9PSIsInZhbHVlIjoiaEVQaWtObWNOaDJBYjRoWTBIS28vUT09IiwibWFjIjoiYmNjOWRlMGY4YzM0ODdiMmNmYjg5YTI0M2ZhOTdmOWM5ZmJiN2JjNzRjNjZmZmU1ODhhODNhZWMwYjExNzY0MiIsInRhZyI6IiJ9&standardNumber=IS%20615:1996
IS 617:2024,IS 617:2024,IS 617:2024,published,,,2024,Bureau of Indian Standards,https://standards.bis.gov.in,true,https://standards.bis.gov.in/website/standard-details?encryptedId=eyJpdiI6IlVCRmFUakp6a2Fjc0lQVWFCTGc2WGc9PSIsInZhbHVlIjoiRURBUXhRL0tmODh0MVFqMzdUK0dPZz09IiwibWFjIjoiMDYyZTczZTVhODc3MGI4OTNiMjBkODRhZjk2YmVlZDgwMmEwNTE4NDE5YjhjOWU5YTIyOWY4ZjQ3YjUwNzI0OCIsInRhZyI6IiJ9&standardNumber=IS%20617:2024
IS 619:2024,IS 619:2024,IS 619:2024,published,,,2024,Bureau of Indian Standards,https://standards.bis.gov.in,true,https://standards.bis.gov.in/website/standard-details?encryptedId=eyJpdiI6IjVkSUxDckMvbzVmd2FYWTNKb1NSM3c9PSIsInZhbHVlIjoiMFRCVE1Ud2FYb0pjWVl3SEFwU3ZEZz09IiwibWFjIjoiZmMzZDYzYjBhNzRiMTgwMjA0OGUwMGJiN2Y0NzFhOGZkZjJlZTcxMDFkNTgxODhlMzY3NGEwZDAzYjA5YTczZiIsInRhZyI6IiJ9&standardNumber=IS%20619:2024
IS 620:1985,IS 620:1985,IS 620:1985,published,,,2025,Bureau of Indian Standards,https://standards.bis.gov.in,true,https://standards.bis.gov.in/website/standard-details?encryptedId=eyJpdiI6IlF5REIzNUlDMlNFN0RrcVlnSm4vdWc9PSIsInZhbHVlIjoibFZ0ZGV3Y25hYlJlQlhMQ3B1dThtdz09IiwibWFjIjoiMWUyOGJjNzM1Nzc3MDhhY2ZhYmQyMDc5MGU5YWRkYTMxMWYwY2JmODdhM2U0MGVmYWI4NDdjNjJmZWNmMDI1NCIsInRhZyI6IiJ9&standardNumber=IS%20620:1985
IS 622:2024,IS 622:2024,IS 622:2024,published,,,2024,Bureau of Indian Standards,https://standards.bis.gov.in,true,https://standards.bis.gov.in/website/standard-details?encryptedId=eyJpdiI6ImN3b1FWL2Q0REwvVy9RU0hEOWsrS1E9PSIsInZhbHVlIjoiSGFLc0M2SHZDbU1QWnZYd2pMTkpCQT09IiwibWFjIjoiOTI5M2FjYTUwMjQ1NWY4YWYxNzY2YjI5YzAxNDJmZTI3NWY0OTg5YTFjNTc0MzQ0M2JlYWYyMGFiODY2NGZkNSIsInRhZyI6IiJ9&standardNumber=IS%20622:2024
IS 623:2008,IS 623:2008,IS 623:2008,published,,,2023,Bureau of Indian Standards,https://standards.bis.gov.in,true,https://standards.bis.gov.in/website/standard-details?encryptedId=eyJpdiI6Ijhyc01EMVMyNUlkeWIyOCtBM0E4T3c9PSIsInZhbHVlIjoiUkcrNGh5THJFMXBXS0U2MGQ5bzhjdz09IiwibWFjIjoiMDFkOGE5YjgxNTI0NTgzZmFhMDUxOGExY2NhMTY0NTYxOGQyODVkMDI0OTEyOGFhZWUwMmI3N2UyNjliZDA4YyIsInRhZyI6IiJ9&standardNumber=IS%20623:2008
IS 623:2025,IS 623:2025,IS 623:2025,published,,,2025,Bureau of Indian Standards,https://standards.bis.gov.in,true,https://standards.bis.gov.in/website/standard-details?encryptedId=eyJpdiI6IjdPdjkvVm5tMmtsR1R1QUkrYmIzSXc9PSIsInZhbHVlIjoiUnJ6blZFcWNHZ0pVTC9jZHBXeEJVQT09IiwibWFjIjoiNTY4NmQ4ZWRhYmI3YjY1ZWJkNjc0ZWYxYzAwYmRhYjA4YjI4MGUzYmFlMjNkZGJiMzJkMDQxZDgxOGYyZDg1MSIsInRhZyI6IiJ9&standardNumber=IS%20623:2025
IS 624:2025,IS 624:2025,IS 624:2025,published,,,2026,Bureau of Indian Standards,https://standards.bis.gov.in,true,https://standards.bis.gov.in/website/standard-details?encryptedId=eyJpdiI6IkVtMkVwUVpmV3E2d1NtdzFNa2ZPOVE9PSIsInZhbHVlIjoibjUrelVhQWNINldrWEdpSjkzczFMZz09IiwibWFjIjoiNTMyNTkxY2RmOWY2OWI3ZjAzNGQwYzg3OTJkM2ZjYjEyNjcyYThkM2Q5YWY0NjE4ZTU3NjAzZjVjMWRkMDJhZCIsInRhZyI6IiJ9&standardNumber=IS%20624:2025
IS 625:2025,IS 625:2025,IS 625:2025,published,,,2025,Bureau of Indian Standards,https://standards.bis.gov.in,true,https://standards.bis.gov.in/website/standard-details?encryptedId=eyJpdiI6Ik9RU2FJcWF1SjdhbUZiZGZLQ2I1dkE9PSIsInZhbHVlIjoieUtFOXVBKzF1UWJuT2dFN09OR2VZZz09IiwibWFjIjoiNjMyYjkwYTNkMGQ5NDEzMGE5MGFhNmFkYTkzZjJhNGZmOTYzMWU0Yzg1MjA3YTUxMDliODI3ZWQ0Y2VlZmE3YiIsInRhZyI6IiJ9&standardNumber=IS%20625:2025
IS 626:2009,IS 626:2009,IS 626:2009,published,,,2024,Bureau of Indian Standards,https://standards.bis.gov.in,true,https://standards.bis.gov.in/website/standard-details?encryptedId=eyJpdiI6IlBiK1RNNitRODd5dGFMbDUxOXBJK1E9PSIsInZhbHVlIjoibnhiQU5FVEExOHNaNzhZWW1laS9DZz09IiwibWFjIjoiMjJlYjhmNDVhN2ZlOTIzMDczNmY3MDJhNjc1MTdjNWQ4OTE2ZjgwODIzM2MwYjg5YmYyMjg4M2Q5Y2Y0YzA2MCIsInRhZyI6IiJ9&standardNumber=IS%20626:2009
IS 628:2025,IS 628:2025,IS 628:2025,published,,,2025,Bureau of Indian Standards,https://standards.bis.gov.in,true,https://standards.bis.gov.in/website/standard-details?encryptedId=eyJpdiI6IjY2Ky9ZOUJTVEZ4dEdERmMydjEralE9PSIsInZhbHVlIjoiOFgwQkhMaytKNksvVDM4TGc4ajRnZz09IiwibWFjIjoiYjEwMmM0M2QyZGY3OTgzNTdjNGQxNDhhMWM3ODVhZDEwMDA3NTFiZDMyMThlMWZmOWJlYzY2ZmY0Njg3OGZlMSIsInRhZyI6IiJ9&standardNumber=IS%20628:2025
IS 629:2025,IS 629:2025,IS 629:2025,published,,,,Bureau of Indian Standards,https://standards.bis.gov.in,true,https://standards.bis.gov.in/website/standard-details?encryptedId=eyJpdiI6InlMbHc5RlZHTDVRMkd4V01Rcld1TUE9PSIsInZhbHVlIjoiOHVMdThlcTU5RzhlMWxzbzdXdHZYZz09IiwibWFjIjoiMzk3Y2M2YTZhMTVkOTRmM2YxNTU4NjE1ZWM3ZWMzZmE2ZjQxOGFhMjg1MjRlZTU4ZGFjMzFiNjRkYmEzZTdlYyIsInRhZyI6IiJ9&standardNumber=IS%20629:2025
IS 62:2006,IS 62:2006,IS 62:2006,published,,,2026,Bureau of Indian Standards,https://standards.bis.gov.in,true,https://standards.bis.gov.in/website/standard-details?encryptedId=eyJpdiI6Imx4MGR3R1J4YTFGUjZRWEZTZGE5aUE9PSIsInZhbHVlIjoia0VkcFhvOTNGOG5GK1A3UGJwZXczZz09IiwibWFjIjoiNGQ1Y2Y3ZDJjOWU4OGFmMzQyNTdlYjkwNjhmZTVkYjk0N2Y2OGU1MjkyMWJlMTA1N2U5MmFhMzAxMjI1YTdjZiIsInRhZyI6IiJ9&standardNumber=IS%2062:2006
IS 630:2005,IS 630:2005,IS 630:2005,published,,,2026,Bureau of Indian Standards,https://standards.bis.gov.in,true,https://standards.bis.gov.in/website/standard-details?encryptedId=eyJpdiI6Ii9zQ3NLN1Rsa1VBdm9qeXpMZjI5M1E9PSIsInZhbHVlIjoiZytiK3lSUExZQkNpQTV3REtEZzNmQT09IiwibWFjIjoiNmJlM2E2ZGVjODkzOTI4MjU5ZjFjMjRmOTE4MGQ1MmJhNzJlOTI5NDg2ZGZjNzI1NzNhYjk2YmEyMTllNTAwYyIsInRhZyI6IiJ9&standardNumber=IS%20630:2005
IS 631:1979,IS 631:1979,IS 631:1979,published,,,2025,Bureau of Indian Standards,https://standards.bis.gov.in,true,https://standards.bis.gov.in/website/standard-details?encryptedId=eyJpdiI6ImhIMnE0ZTRnbFZmNU9tOFRRVDY4dEE9PSIsInZhbHVlIjoib3MzT0pjc1d5eklKL01KZ1p4ek40dz09IiwibWFjIjoiZmYxYjhjN2EzYmJiMTRjMWRkYzM3NGQ4YjY0YmJjNzg1Zjk3NzhjMzUwNjBlOGQ4ZDkxYTJjY2IyN2RhZjM5OCIsInRhZyI6IiJ9&standardNumber=IS%20631:1979
IS 633:2026,IS 633:2026,IS 633:2026,published,,,,Bureau of Indian Standards,https://standards.bis.gov.in,true,https://standards.bis.gov.in/website/standard-details?encryptedId=eyJpdiI6IldCMjlRL2gxRWdjTndyNjNOMFVGVmc9PSIsInZhbHVlIjoieFFWbVdnN3BtSlRvS25YYThCTGVMUT09IiwibWFjIjoiMzBiOGVlNTliY2E5NmZlOTU1YmNhNmQzYWIzNjllYzIxNWM2ZmJmOGQzNzU4Y2ZjYWRkOGRmNmM4ZjQ0OTgwYiIsInRhZyI6IiJ9&standardNumber=IS%20633:2026
IS 634:1965,IS 634:1965,IS 634:1965,published,,,,Bureau of Indian Standards,https://standards.bis.gov.in,true,https://standards.bis.gov.in/website/standard-details?encryptedId=eyJpdiI6IkRFQzJqRDhBTlFYZTZWdnlPWmMrMnc9PSIsInZhbHVlIjoibldSK3doNU8xYlQzYjVudE9pV2Judz09IiwibWFjIjoiYzgzODNkY2U2NGJiY2UzNDkyNDNhZGNhZGU3MWZiYjYzMGM0Mjc4YzJhNGQ1MjYzZDBhYTUzZTJiMGUwMGYxNyIsInRhZyI6IiJ9&standardNumber=IS%20634:1965
IS 635:2024,IS 635:2024,IS 635:2024,published,,,2024,Bureau of Indian Standards,https://standards.bis.gov.in,true,https://standards.bis.gov.in/website/standard-details?encryptedId=eyJpdiI6IkZBUFUxaVpaRFpEZHJPbEJzdEEvWmc9PSIsInZhbHVlIjoiQ3grNWNmTHNNWFcrdFBUeitBMlI1QT09IiwibWFjIjoiODhkZGYxY2RjYmU4NDdhOGFhOGQxYjBiYTQ4MjY5Yjg2YmUyMWNmNGZkNjc1OGU1Yzk5MGY0MzI4ZjVmOTdjYyIsInRhZyI6IiJ9&standardNumber=IS%20635:2024
IS 636:2018,IS 636:2018,IS 636:2018,published,,,2024,Bureau of Indian Standards,https://standards.bis.gov.in,true,https://standards.bis.gov.in/website/standard-details?encryptedId=eyJpdiI6IlJLTTMyTjFBNUl5RjU3blBwaDRiTGc9PSIsInZhbHVlIjoiMGJ5dHpjVFFaTHlIcGlkUUdvYS9QQT09IiwibWFjIjoiOThiMWUwNWQ3OTU0YTYxMjM4YjBiNDI2MGI0NzNmYmNkMmM5N2I3ODIxNTc3ODUzYmM1YTgzM2FiOThjYWZlYyIsInRhZyI6IiJ9&standardNumber=IS%20636:2018
IS 637:2024,IS 637:2024,IS 637:2024,published,,,2024,Bureau of Indian Standards,https://standards.bis.gov.in,true,https://standards.bis.gov.in/website/standard-details?encryptedId=eyJpdiI6IldYMHVuZHFzMGtwTVVVNmJ3aXJUeEE9PSIsInZhbHVlIjoiRUZ4RmwyeDBhdU1pVnJZTGlsZHBkZz09IiwibWFjIjoiZTc2MzNhNzkzZWVjYTg0MzRiZmJlOTkyZWJiYmI3YzU0YjMxNjQ3ZjJmYmU4YzIyMzJlN2NlNWU2YWVjYjdhNyIsInRhZyI6IiJ9&standardNumber=IS%20637:2024
IS 638:2024,IS 638:2024,IS 638:2024,published,,,2024,Bureau of Indian Standards,https://standards.bis.gov.in,true,https://standards.bis.gov.in/website/standard-details?encryptedId=eyJpdiI6ImRjTHk2SEpNSEowVEwweld5d0pjYkE9PSIsInZhbHVlIjoiWnNJVDFRRHN5dElPUFIxa1RRVk5LUT09IiwibWFjIjoiOTJhYjZlNTQ1NmRlMzk5MjU0Yzk5NmNhYWQ4Zjc2Zjk5MzM5ZWEyYzM0M2RlNjA0ZGU2NmRiOWM4YzU3ZjJjOCIsInRhZyI6IiJ9&standardNumber=IS%20638:2024
IS 639:1982,IS 639:1982,IS 639:1982,published,,,2024,Bureau of Indian Standards,https://standards.bis.gov.in,true,https://standards.bis.gov.in/website/standard-details?encryptedId=eyJpdiI6ImIxMklZR3kvQVJCNERyOG1xYjJmMUE9PSIsInZhbHVlIjoiYkE2TEVZREpuUmthSmdReUhrQWJKZz09IiwibWFjIjoiZThjNjUzNjczYzg2YzI5MTEyYzhiMjgzMmRmOTUxZTI4OTI4ZDM1NTM5N2QzN2ZkMDdhZjk3NjE1MjdkMjE1MyIsInRhZyI6IiJ9&standardNumber=IS%20639:1982
IS 63:2006,IS 63:2006,IS 63:2006,published,,,2026,Bureau of Indian Standards,https://standards.bis.gov.in,true,https://standards.bis.gov.in/website/standard-details?encryptedId=eyJpdiI6ImJkQ3FOMVBlaWxiSFB6WEpyaVZ2TlE9PSIsInZhbHVlIjoiTG1vZDRyZElid2V1T2xRNWRRN0tDQT09IiwibWFjIjoiY2FjZTM2ZjFkYWNhZTY1YjVhN2MxM2VmMWVmNWU5ZTE4OWNiMzBlOGU1ZjY4MGM4NTE1YWFmNTMwN2I1MDZmYyIsInRhZyI6IiJ9&standardNumber=IS%2063:2006
IS 642:2024,IS 642:2024,IS 642:2024,published,,,2024,Bureau of Indian Standards,https://standards.bis.gov.in,true,https://standards.bis.gov.in/website/standard-details?encryptedId=eyJpdiI6IkNMN0ttbitNSkVtdFIvd3pDVTNqNVE9PSIsInZhbHVlIjoiM1JzL1pKUThnc3ZxU0RpWmYxOUg0Zz09IiwibWFjIjoiZGM0NDlkYjRjNWIyZDAzNmEyMTczNjA1MzkxY2Q0MTNiMDI2Yzk0ZjdjOGQ0Mjg3MjBkODEwNjI5MmRmYzBjZSIsInRhZyI6IiJ9&standardNumber=IS%20642:2024
IS 6:1983,IS 6:1983,IS 6:1983,published,,,2025,Bureau of Indian Standards,https://standards.bis.gov.in,true,https://standards.bis.gov.in/website/standard-details?encryptedId=eyJpdiI6Inpab1hVK1BKakpmbG83UnVjS2hWREE9PSIsInZhbHVlIjoicWJKUThRc0JXVjdURWxzcVNqK3lSdz09IiwibWFjIjoiMWI1N2I0NjA3MDA4MzRiYmI1ZDEyOTZhODBiOWY2NWM3ZjVjOGI2NzJjYWJiYTZhODYyOGQwNGM4ZTAxNjk1MCIsInRhZyI6IiJ9&standardNumber=IS%206:1983
IS 7000:2026,IS 7000:2026,IS 7000:2026,published,,,,Bureau of Indian Standards,https://standards.bis.gov.in,true,https://standards.bis.gov.in/website/standard-details?encryptedId=eyJpdiI6InRlNW9SRFlKcG1QRVRLbGo0M2RlTGc9PSIsInZhbHVlIjoiR085UUVvc1NnVndzdEtyaktiRkMvQT09IiwibWFjIjoiZDJmYWFhZjdlOWFlY2I0MmM3NDI3ODAyZjdmZDkzN2E3ZmY1NzBkOWJiZGEyMDA4NGM2OTg0N2FmNDlkZDg4NSIsInRhZyI6IiJ9&standardNumber=IS%207000:2026
IS 7001:2017,IS 7001:2017,IS 7001:2017,published,,,2024,Bureau of Indian Standards,https://standards.bis.gov.in,true,https://standards.bis.gov.in/website/standard-details?encryptedId=eyJpdiI6IlVLSm0xUWJTVS9OMjdTWWpZVnpIMlE9PSIsInZhbHVlIjoiYlpHWWRPYzNmaXVWLzc0NmhGSHdDdz09IiwibWFjIjoiNTNiNzZlOTk4NDEzODQ2NWZhZTliOWY0ZGQyZDE3OGViZmU3OGFkZTAxMmU5Mjc1ZTc1YWM5NzZjNTI4ZTcyYyIsInRhZyI6IiJ9&standardNumber=IS%207001:2017
IS 7002:2018,IS 7002:2018,IS 7002:2018,published,,,2023,Bureau of Indian Standards,https://standards.bis.gov.in,true,https://standards.bis.gov.in/website/standard-details?encryptedId=eyJpdiI6IlJ3RFU3Z0FwMUtmMXdKTHlXeDRrMnc9PSIsInZhbHVlIjoid01MbHdINUdzRDVHWUdmYWV6c1UvUT09IiwibWFjIjoiMTdkMTljZGJmNmJkYmM4YTJlZjQ3N2FhNWYzYzEwN2ViOTFkZWJkMGY0ODQ5ZDUxNjM0YTQ4ODRhN2JkNTdmMiIsInRhZyI6IiJ9&standardNumber=IS%207002:2018
IS 7003:1973,IS 7003:1973,IS 7003:1973,published,,,2023,Bureau of Indian Standards,https://standards.bis.gov.in,true,https://standards.bis.gov.in/website/standard-details?encryptedId=eyJpdiI6IlRlVkFvUXVNMEtGbGRHTDljZmV3OUE9PSIsInZhbHVlIjoiSndzbnF0M2lnYVRNaDByRVdkUlordz09IiwibWFjIjoiYTBlNjA5YTRhNjJkMTgxNDRmYzdkN2Y1ZGVhY2RhYjA4OWMxZTBiZDE2ZTBhMGQ4NmM0ZDRkMjNmNzhhYTA5NSIsInRhZyI6IiJ9&standardNumber=IS%207003:1973
IS 7004:1973,IS 7004:1973,IS 7004:1973,published,,,2022,Bureau of Indian Standards,https://standards.bis.gov.in,true,https://standards.bis.gov.in/website/standard-details?encryptedId=eyJpdiI6Ikt6bHlZSUdBRUlubVlDcjV4eVM3TUE9PSIsInZhbHVlIjoiZ0F4MHJ1dXNGd0NCbnJZQloxOU02UT09IiwibWFjIjoiNDEyZjJhMTNjYzM1NGMzMDNhYjQ1NTFhNzhlZDBlYjI0MDUzZjk3OGQ0OWUyYjg1NDY2MDBiNGY4YWFjZTJlYyIsInRhZyI6IiJ9&standardNumber=IS%207004:1973
IS 7005:1973,IS 7005:1973,IS 7005:1973,published,,,2022,Bureau of Indian Standards,https://standards.bis.gov.in,true,https://standards.bis.gov.in/website/standard-details?encryptedId=eyJpdiI6ImZVbWg0aU5NRXVMYXdEb1J2bjBrRFE9PSIsInZhbHVlIjoiN0lJODNIbDdQbGNENWN4NU1Xc1Y4dz09IiwibWFjIjoiYzBlYmNlYmZlNWE4MzhiNTg5MzlmNjgwZTdlMmM3M2VlODliOGZhZTI1NmE3YzczNTk5NTA5NzgzMDBlYjlkOCIsInRhZyI6IiJ9&standardNumber=IS%207005:1973
IS 7008,Part 1 : 1999,Part 1 : 1999,published,,,2025,Bureau of Indian Standards,https://standards.bis.gov.in,true,https://standards.bis.gov.in/website/standard-details?encryptedId=eyJpdiI6InIwRStMd2Z5Q29UOThTQUxJTWdwRXc9PSIsInZhbHVlIjoiKyt3Nit3SHF1RjVJSHE4ak1tL0RFZz09IiwibWFjIjoiY2JhNmZiNTljNjM3NGQ5MWNhNjZhYjY5OWM3ZTE5NTA3MmQwZDY3NDU2NzhhMzkwNGI5ZjhhZDUzNjBjOWFmMCIsInRhZyI6IiJ9&standardNumber=IS%207008%20(Part%201):2021
IS 7009:1973,IS 7009:1973,IS 7009:1973,published,,,2026,Bureau of Indian Standards,https://standards.bis.gov.in,true,https://standards.bis.gov.in/website/standard-details?encryptedId=eyJpdiI6IkJ3eTQ4YmFvM2VJVmlKRXEwS0FQb3c9PSIsInZhbHVlIjoiQlFwaTliOUZCWXovQ1VRT0MvNHFidz09IiwibWFjIjoiMjJiNTVkMzE1OTliOWFlMTc4NWM4ZmQ0ODBhMmMxZWU1ZDNkZjQ5OTM3MGQ5YmY3ZTQ5MGU0YzMzMWY3MDRlYSIsInRhZyI6IiJ9&standardNumber=IS%207009:1973
IS 701:2024,IS 701:2024,IS 701:2024,published,,,2024,Bureau of Indian Standards,https://standards.bis.gov.in,true,https://standards.bis.gov.in/website/standard-details?encryptedId=eyJpdiI6InErZ0lrZld3c0RPMHh0RXhWQWhma3c9PSIsInZhbHVlIjoibEtQN1VSV1gzQU1PNDlRT0Zpd1EvZz09IiwibWFjIjoiODUzOTM0ZjM0ZTYzNjE5NDAxZTAyZWVhNjgyMjRlZmNjNjRkYmQxNWNmYWJhOWJhMGVkMjVmMTFlZmMzZmU1OSIsInRhZyI6IiJ9&standardNumber=IS%20701:2024
IS 702:2022,IS 702:2022,IS 702:2022,published,,,2026,Bureau of Indian Standards,https://standards.bis.gov.in,true,https://standards.bis.gov.in/website/standard-details?encryptedId=eyJpdiI6IjR5eE04OFlWTFJ4ZnJuZ1BJVUpuanc9PSIsInZhbHVlIjoibERDUFd3L2srenBlLzBaL2FlcGU0UT09IiwibWFjIjoiMDQ1OGM4OGUxZWFiYjFmMjMwYjliNmRjNzkwNWQwOTA0ZDM5MTQ0ZDNjNmNkZWUwZDAwMDkxN2VlMDcyZGZmMCIsInRhZyI6IiJ9&standardNumber=IS%20702:2022
IS 703:1999,IS 703:1999,IS 703:1999,published,,,2025,Bureau of Indian Standards,https://standards.bis.gov.in,true,https://standards.bis.gov.in/website/standard-details?encryptedId=eyJpdiI6InRWc2l2SXFYTWlnQURqMmlvYVRLVnc9PSIsInZhbHVlIjoiQko4N3plRkpsYXZZMWovb0VXZ3VPdz09IiwibWFjIjoiMTkzYmFjMzY3NDA0MjM4OTkwMTBhMTBlZDNkYTdkM2U1YWM2MTY1OGZlOWE0YTZjMjZkYjYzZTlhYmQ0ZWY3MiIsInRhZyI6IiJ9&standardNumber=IS%20703:1999
IS 704:1984,IS 704:1984,IS 704:1984,published,,,2025,Bureau of Indian Standards,https://standards.bis.gov.in,true,https://standards.bis.gov.in/website/standard-details?encryptedId=eyJpdiI6IlJzV1pHeHhQNy90ZzVpY2RwazFkVUE9PSIsInZhbHVlIjoid0p1OHRUVll6Yk5URkgvckx4dk4wdz09IiwibWFjIjoiNGQwZDI2ZTk0NWU4MWEzYWU2ZTFjOGFlZjdiMGI2ZjliNWJiMWFjMjMxNDk3ZWJhYTFhOWI2NzNiYjZiMjU3OSIsInRhZyI6IiJ9&standardNumber=IS%20704:1984
IS 707:2011,IS 707:2011,IS 707:2011,published,,,2021,Bureau of Indian Standards,https://standards.bis.gov.in,true,https://standards.bis.gov.in/website/standard-details?encryptedId=eyJpdiI6ImhDb214aXU2YXErWDRZeGExRHZLbGc9PSIsInZhbHVlIjoiQnNVblpzQjd4dWlEbGpnTU9oZGpmdz09IiwibWFjIjoiMjYxNDQxOGU1OGI1Yjk5ZWIxNDcyNTRjZjU2MmM0MWI0OGFkNGRmODUwOGVmNDRhMjc3ODEzODEzNDVjODRlYSIsInRhZyI6IiJ9&standardNumber=IS%20707:2011
IS 708:1987,IS 708:1987,IS 708:1987,published,,,2026,Bureau of Indian Standards,https://standards.bis.gov.in,true,https://standards.bis.gov.in/website/standard-details?encryptedId=eyJpdiI6Im5RZEExTGNFMjdEcEVIUFN3WHlqSFE9PSIsInZhbHVlIjoiQTdhdW45dUtVZVcxMXZ1NGY5OGVNZz09IiwibWFjIjoiM2Y0OThjNGY1NTFhNThjYTVkNzUwZTZjN2E2NzBiZGJhZTE3OWExOGE0NjVmYTNkYmU5NjUwMjBjMjdiMmIwYSIsInRhZyI6IiJ9&standardNumber=IS%20708:1987
IS 709:1974,IS 709:1974,IS 709:1974,published,,,2024,Bureau of Indian Standards,https://standards.bis.gov.in,true,https://standards.bis.gov.in/website/standard-details?encryptedId=eyJpdiI6IndFZ0NXeFlqaWwrYUJlNStpSkNsL2c9PSIsInZhbHVlIjoiK2ZOM2VQcTNBTTFQUWQ0MUlDSnN5UT09IiwibWFjIjoiNTg4ODA2ZWFhOGE4MGJhZjQyZTQ5YjBhMWVhZjFjNThkMjU3NTc3ZDJkMjY5NDIzY2FiMmUwNDgyNDgxMWViMyIsInRhZyI6IiJ9&standardNumber=IS%20709:1974
IS 70:2024,IS 70:2024,IS 70:2024,published,,,2024,Bureau of Indian Standards,https://standards.bis.gov.in,true,https://standards.bis.gov.in/website/standard-details?encryptedId=eyJpdiI6InRQOFhPTkRSN1BMZS9pRFJITVZEekE9PSIsInZhbHVlIjoiaDhkcW01azNiY2c2TUpubFVMckxaQT09IiwibWFjIjoiNTY1ODI3NzE0N2QzNGYyYzA2MmNmNGVjN2Y0ZmE4YjkzMDg4ZDNhMmRmZmU5ZDA0MjM1ZjZjOTlmZjNlODc3MiIsInRhZyI6IiJ9&standardNumber=IS%2070:2024
IS 710:2024,IS 710:2024,IS 710:2024,published,,,2026,Bureau of Indian Standards,https://standards.bis.gov.in,true,https://standards.bis.gov.in/website/standard-details?encryptedId=eyJpdiI6IjJCdmh3akQxeGhqbHhZYTNQbW9TNWc9PSIsInZhbHVlIjoiQUZiTjlSZVFDbW9ZV3YyY3lwbWRWZz09IiwibWFjIjoiNWZhYzZhN2M4YWI5MGY3NjVlMGI5NTJjOTljZjg3MjI3YjhiYzEwYTUyMGQ4NTM3MTUyZTNmMDQwMzMzNjIyMyIsInRhZyI6IiJ9&standardNumber=IS%20710:2024
IS 711:2023,IS 711:2023,IS 711:2023,published,,,2023,Bureau of Indian Standards,https://standards.bis.gov.in,true,https://standards.bis.gov.in/website/standard-details?encryptedId=eyJpdiI6Im5vMWpHQUV1UTRCNEU2QkxTL0tQTFE9PSIsInZhbHVlIjoiTXdmdUZUdUFnd2FPVXlzLzRpU2ZWQT09IiwibWFjIjoiN2YyZDJjMDEwMGEwMjMxZTcxZjgzY2UwMTk3YjQ1OGY3YmE2Mjk2ZGMwNWYxN2NlZTgwYjI2NzI4NTQ3YWQ3MyIsInRhZyI6IiJ9&standardNumber=IS%20711:2023
IS 712:1984,IS 712:1984,IS 712:1984,published,,,2024,Bureau of Indian Standards,https://standards.bis.gov.in,true,https://standards.bis.gov.in/website/standard-details?encryptedId=eyJpdiI6InBCWnVvTlc1MHJhbVBvcGk5TXdWNEE9PSIsInZhbHVlIjoiNDNCNy93TG5RRy83bDRxV3MxZVdZUT09IiwibWFjIjoiYTkyNjg1YTc2ZDQ4NTcwMmFlM2M2OTU1NTg3MTRmMjNiNGQyMzdlMjQ2NjU3NWVkZmVmMTVmZTE1YjAwYzdlMSIsInRhZyI6IiJ9&standardNumber=IS%20712:1984
IS 713:2026,IS 713:2026,IS 713:2026,published,,,,Bureau of Indian Standards,https://standards.bis.gov.in,true,https://standards.bis.gov.in/website/standard-details?encryptedId=eyJpdiI6IjA0SjNUdFQwN0ZjK2NaRGlCUVkzcUE9PSIsInZhbHVlIjoiSWN2VHY1RERmZ1QwQU1md0hoU3lKUT09IiwibWFjIjoiNmM0MGZmYzhhOWZjMTc4ZGIyYjM3OWIyNzFiNTFkMDM5MTI3NTUwYjlmYWRhNTc4ODQ3Y2QwNjcxNTE5ZDU1NyIsInRhZyI6IiJ9&standardNumber=IS%20713:2026
IS 714:1992,IS 714:1992,IS 714:1992,published,,,2024,Bureau of Indian Standards,https://standards.bis.gov.in,true,https://standards.bis.gov.in/website/standard-details?encryptedId=eyJpdiI6Imh3RlU1RHN3aFljRHd5Y0I5azZYL2c9PSIsInZhbHVlIjoiK2k4ZzNZYXZmS1dBKzVvaVFrSFlJQT09IiwibWFjIjoiNGMxMGFlYjQ2ZjYzMzAyNzExZGYzNDM4ZmM4NDg3OTI0MTVjODk2NGEzYThmOGFlZmI3YTRhOTJhYTQwYjhiYiIsInRhZyI6IiJ9&standardNumber=IS%20714:1992
IS 715:2002,IS 715:2002,IS 715:2002,published,,,2024,Bureau of Indian Standards,https://standards.bis.gov.in,true,https://standards.bis.gov.in/website/standard-details?encryptedId=eyJpdiI6Ilk2T0Q3cE9neWN2czRCNXA5STJVK0E9PSIsInZhbHVlIjoiblI5OGROYkFPbWN0cVlua21QZHd0UT09IiwibWFjIjoiNTk0ZTFjYzQ5NjlhNjhmMWIyNGE0NDExYTlkN2Y3YTYyNThiZWI4Yzc4ZTVhMDkwZGI1YjM3OWQyZTE1MDcxZSIsInRhZyI6IiJ9&standardNumber=IS%20715:2002
IS 717:2025,IS 717:2025,IS 717:2025,published,,,2025,Bureau of Indian Standards,https://standards.bis.gov.in,true,https://standards.bis.gov.in/website/standard-details?encryptedId=eyJpdiI6IlZKVjQ2RmZxcXBaRlIvaUJZc2I3bEE9PSIsInZhbHVlIjoiNDF0U2t2SGlGY3lwbGp6ZFZsUVFpUT09IiwibWFjIjoiYmVhMGJiNTdiOGE1MTBmZTlmMjlmZThhYzgxYWNlOGYzNDhhMDU0MjAwZTljZDE0ZTg5YTBmNDRiOTIwY2UzZiIsInRhZyI6IiJ9&standardNumber=IS%20717:2025
IS 718:2023,IS 718:2023,IS 718:2023,published,,,2023,Bureau of Indian Standards,https://standards.bis.gov.in,true,https://standards.bis.gov.in/website/standard-details?encryptedId=eyJpdiI6InZsMmZRVnBlYjFQeXgxK1dlcU5wRGc9PSIsInZhbHVlIjoiZmZYVStyNFRmanhMUVZVRVVtOUhCZz09IiwibWFjIjoiYmFmMjk2NjkzYWViZTY5ZjQyY2RhZGM3NTA1NjU5OGJiMjU3MDZiODBmODc2OTE5M2E0MDRjZTI3ZTY5NWMzYSIsInRhZyI6IiJ9&standardNumber=IS%20718:2023
IS 719:2022,IS 719:2022,IS 719:2022,published,,,2022,Bureau of Indian Standards,https://standards.bis.gov.in,true,https://standards.bis.gov.in/website/standard-details?encryptedId=eyJpdiI6IkVEaGk4Ri85dWN3Q0NNcElmdTNndHc9PSIsInZhbHVlIjoibUtwY24ySDh1Mm1ueURsTXNvWkRzdz09IiwibWFjIjoiN2U2NmQwZjdjYWY2NjA4NTRjYjBkNzljNTY2OWQwODdjMjMyZjAxNjdkMzk0NWJlYmJmNzA3YTNmNjYwODNhMSIsInRhZyI6IiJ9&standardNumber=IS%20719:2022
IS 720:2022,IS 720:2022,IS 720:2022,published,,,2022,Bureau of Indian Standards,https://standards.bis.gov.in,true,https://standards.bis.gov.in/website/standard-details?encryptedId=eyJpdiI6IlRVRW8vTHo5Vm0xbE5QeXozUEdnQ0E9PSIsInZhbHVlIjoiSmN5dEFzbkpZemNUODRoZHdpSDh6QT09IiwibWFjIjoiZTBlYmRmZTcwYjdiZDNlYzdhN2FmNDZkOWUxYWE0MWI3NjY1NWFlZGI1NmQyNjk3OGMyNWQzMmRjZTgwNDc0NCIsInRhZyI6IiJ9&standardNumber=IS%20720:2022
IS 723:2023,IS 723:2023,IS 723:2023,published,,,2023,Bureau of Indian Standards,https://standards.bis.gov.in,true,https://standards.bis.gov.in/website/standard-details?encryptedId=eyJpdiI6InZDN0YvY2cxbnNXeGR3RXZVSnRCdVE9PSIsInZhbHVlIjoieHNudzNBOFVPSzNaSzZpNXpYSXY3UT09IiwibWFjIjoiODA4NjFlMThiNjg2ODFlZDFkNjJiZTY3ZGJkMjgwZTk2ZWJmOWU5MmUyNWJmODFkODhhYWQ5MGE4MjVmODZiMSIsInRhZyI6IiJ9&standardNumber=IS%20723:2023
IS 724:2023,IS 724:2023,IS 724:2023,published,,,2023,Bureau of Indian Standards,https://standards.bis.gov.in,true,https://standards.bis.gov.in/website/standard-details?encryptedId=eyJpdiI6IlRONUFFZ2lYQ3NJaDBNUHNBM01tMHc9PSIsInZhbHVlIjoianFSY3ljdXNDd3FqRWFEV1g0U2h0Zz09IiwibWFjIjoiMzY5MjI3ZWRjNTZiYzdiMzA0ODE0ZTEzYmM0ZmE2YTllYmQzZWI5NTQ5NTEwODhiYmZhNTgzZDAwOWE4NGFiOSIsInRhZyI6IiJ9&standardNumber=IS%20724:2023
IS 725:1961,IS 725:1961,IS 725:1961,published,,,2025,Bureau of Indian Standards,https://standards.bis.gov.in,true,https://standards.bis.gov.in/website/standard-details?encryptedId=eyJpdiI6ImxROWxpMDFhMzBydEx1MERTdmZDRFE9PSIsInZhbHVlIjoiMXhDSzNrZG93NjdZYlFwOVpybmQ3Zz09IiwibWFjIjoiZGE3Njc1ZTkwNDUyNTIwYjY2YmVjZmQzNDcwOTc1NjhmYmU1NTEwNDc3NWIzNWU3ZGFjMjQ1ODQ1MGVhNjgwZiIsInRhZyI6IiJ9&standardNumber=IS%20725:1961
IS 726:2022,IS 726:2022,IS 726:2022,published,,,,Bureau of Indian Standards,https://standards.bis.gov.in,true,https://standards.bis.gov.in/website/standard-details?encryptedId=eyJpdiI6IkROWGRNN0dPSEQzNTFUVFJqQWlnYkE9PSIsInZhbHVlIjoicmxkT0wvUHZ2cjhhKzZBUURTU1B6QT09IiwibWFjIjoiYTFlNTRhZTNkNTQ5YjVlMTY3MmQ4MDEzMDEzMmEwYzdhNGJlMDMwZWZhMzA1NzM0Yjg1NDM0YTc4YTMxMGQ2OCIsInRhZyI6IiJ9&standardNumber=IS%20726:2022
IS 729:2021,IS 729:2021,IS 729:2021,published,,,2026,Bureau of Indian Standards,https://standards.bis.gov.in,true,https://standards.bis.gov.in/website/standard-details?encryptedId=eyJpdiI6IkNMbkRvZnE3cEdWM1Yyam5KdldJTXc9PSIsInZhbHVlIjoiQnhkN0ZUdFV1MkphRzFIOHhyVVdPUT09IiwibWFjIjoiNjhjZmMwZWI0MmZhM2YzM2QxN2I5MjIzNGY5MjMxMWJlNjNjZDMxY2Y3ZjIwNTZiMTg0NmMwNzk1ZDc3ZjNkMiIsInRhZyI6IiJ9&standardNumber=IS%20729:2021
IS 730:2021,IS 730:2021,IS 730:2021,published,,,2025,Bureau of Indian Standards,https://standards.bis.gov.in,true,https://standards.bis.gov.in/website/standard-details?encryptedId=eyJpdiI6IjRXNVdQeWh1bTc4ZENkYy9SeVpPc3c9PSIsInZhbHVlIjoiQmlMMVJQQU1GSXlSY2dJMXY1dW9aQT09IiwibWFjIjoiNjM4ZjMxNDUwZDI1OWE4MDM5YzMzNGNiNzdmMjc2Mzc3OTk0ZGVjYzY4MDE4Mjk2NjFjN2MzOGEyZTUyMzEyMCIsInRhZyI6IiJ9&standardNumber=IS%20730:2021
IS 731:1971,IS 731:1971,IS 731:1971,published,,,2021,Bureau of Indian Standards,https://standards.bis.gov.in,true,https://standards.bis.gov.in/website/standard-details?encryptedId=eyJpdiI6IjU1K2Q5NFhScHZNb0tqRjVBYXgxaEE9PSIsInZhbHVlIjoibGJKTmFKV1JXR1hkd0lPSmxYS0ZpQT09IiwibWFjIjoiNWM2NTQ5YzM0ZGM1ZjJkOGNhOTQ0Y2I5ZTg4NTg3YjdmYWI5NDI2OWQwMWYwN2RmNmZhYjgzNTlkMDNlY2ZjYiIsInRhZyI6IiJ9&standardNumber=IS%20731:1971
IS 732:2019,IS 732:2019,IS 732:2019,published,,,2024,Bureau of Indian Standards,https://standards.bis.gov.in,true,https://standards.bis.gov.in/website/standard-details?encryptedId=eyJpdiI6Ijljb2NiNk5UVjZhMDZPZ1k4T3BhUHc9PSIsInZhbHVlIjoicVQzYmJDRUcrNHU1RVM1dEtGRDA5Zz09IiwibWFjIjoiMzg3ZDBlYTU0MjExY2E5MDJhZjM3OTVjY2QyYWFkNzMxOWZiYmFkNTI1YjA4OWFlZGJhODMwZWQ4OTE0ZTNlOCIsInRhZyI6IiJ9&standardNumber=IS%20732:2019
IS 733:2025,IS 733:2025,IS 733:2025,published,,,,Bureau of Indian Standards,https://standards.bis.gov.in,true,https://standards.bis.gov.in/website/standard-details?encryptedId=eyJpdiI6InRDb1NLaDRTc2JBWnRHSitsRzdmRVE9PSIsInZhbHVlIjoiazFlUkllQVArTnVuOTFHT2Z3RHoyUT09IiwibWFjIjoiMTczZjI5OTg5YTA4OWRmNmZlNGJjY2E2MWMxY2UzNjk2ZDY1MmM4NDliZmIwYTMyN2Q4YTcxMDcxOWFlZTgxZiIsInRhZyI6IiJ9&standardNumber=IS%20733:2025
IS 734:1975,IS 734:1975,IS 734:1975,published,,,2022,Bureau of Indian Standards,https://standards.bis.gov.in,true,https://standards.bis.gov.in/website/standard-details?encryptedId=eyJpdiI6IkN6T2ExbDJMcitWVi9ab29meXlvMlE9PSIsInZhbHVlIjoiWVVnWEhsZEFvc1NUZm1qa1RjaHNNdz09IiwibWFjIjoiZWYzYzNlNjdhNzhhMzYxMDc2ODEwZWYxZjQ3NGVkM2I4MWQ1NTdkZTJkYWVjYjI1NzZkOTJhM2U1ZGNmMDliYSIsInRhZyI6IiJ9&standardNumber=IS%20734:1975
IS 736:1986,IS 736:1986,IS 736:1986,published,,,2026,Bureau of Indian Standards,https://standards.bis.gov.in,true,https://standards.bis.gov.in/website/standard-details?encryptedId=eyJpdiI6IjFJZTVGYUpZaXhNYTczdkdxWS8vbUE9PSIsInZhbHVlIjoiY3R4R3pLSjZFUVpjdVhSQy9xQ3hxZz09IiwibWFjIjoiNTdlMjY2Y2JhYTlmMmJlNzZmNjg3NWM1ZTA5ZGYwMmRhODU0YmU1OTFkNGE5NTVlYTNhZWJiMGYyN2FmOTU5NiIsInRhZyI6IiJ9&standardNumber=IS%20736:1986
IS 737:2024,IS 737:2024,IS 737:2024,published,,,2025,Bureau of Indian Standards,https://standards.bis.gov.in,true,https://standards.bis.gov.in/website/standard-details?encryptedId=eyJpdiI6ImRVaG5mN2QwZHJmL1JpNlYzcGZ1YVE9PSIsInZhbHVlIjoiSUd1c1BTQTZkWjdSZ1dyZFNFZ0tRQT09IiwibWFjIjoiY2M3MWIwYjI2YWViNjQ2NmEyNTdmZDk0MmRhMTExMDhiNmM2ODJhNjE2MjU5YWFlNGFjODI2ZDVjNTAwZTA5ZCIsInRhZyI6IiJ9&standardNumber=IS%20737:2024
IS 738:1994,IS 738:1994,IS 738:1994,published,,,2026,Bureau of Indian Standards,https://standards.bis.gov.in,true,https://standards.bis.gov.in/website/standard-details?encryptedId=eyJpdiI6IjNQVEIzbFZnblpsWGR6VGx5MjRodEE9PSIsInZhbHVlIjoiSyt5cDBZZTBRZTJ4ZXpHVmFoYm9OZz09IiwibWFjIjoiYjVlMGJiNWJkYzlhMTQ0M2JiNDA2ZTQ3Mzk1N2MwMjA3MmY1MGIyMjdhZTk1OTk0Yjg5NGNhNzkyMmUxM2NhMCIsInRhZyI6IiJ9&standardNumber=IS%20738:1994
IS 739:1992,IS 739:1992,IS 739:1992,published,,,2022,Bureau of Indian Standards,https://standards.bis.gov.in,true,https://standards.bis.gov.in/website/standard-details?encryptedId=eyJpdiI6InA3VEMrenQxRTBZeWZqc2FQeWdHYVE9PSIsInZhbHVlIjoiYlhXaHdTNjVBbWpiM3RtY292Uk16QT09IiwibWFjIjoiYzA1MGM4NTA0ZDkzZGJhNzUyNGYxNDQ4NWQ2MGFlZjRmMDEzZjE3ZjNiZTU2YzZhODMxM2RmM2ZkNjMyMjIyNiIsInRhZyI6IiJ9&standardNumber=IS%20739:1992
IS 73:2013,IS 73:2013,IS 73:2013,published,,,2025,Bureau of Indian Standards,https://standards.bis.gov.in,true,https://standards.bis.gov.in/website/standard-details?encryptedId=eyJpdiI6IjZXaVk3WmJ1eG1mSFlCV1NIdnF5UGc9PSIsInZhbHVlIjoiTUxEeFJsSnJsejh1VjN2TFYzbm83UT09IiwibWFjIjoiY2ZmYmNjZjc1MTA5ZWIwZTRhNWRhZmQ3OTExNzMxZjEwMTE4YjdlZDI3M2IyZjA1YjZhMjgyNzY5NGQ3Mzc5YyIsInRhZyI6IiJ9&standardNumber=IS%2073:2013
IS 740:1977,IS 740:1977,IS 740:1977,published,,,2022,Bureau of Indian Standards,https://standards.bis.gov.in,true,https://standards.bis.gov.in/website/standard-details?encryptedId=eyJpdiI6IlZscWxtQkg3WEZnRFhoUEFNUSt1QlE9PSIsInZhbHVlIjoiSDM1Q2tTU25MVTdhT3c4K25QbmpOZz09IiwibWFjIjoiZGJjZDE1ODhhOGM1OGM4YTcxMGI0NThkOGY5YTZhN2RkOTI2ZGQ1ZjViZDU3ZmExNTg2N2ZlNWJkZjA0YzczYyIsInRhZyI6IiJ9&standardNumber=IS%20740:1977
IS 741:1971,IS 741:1971,IS 741:1971,published,,,2025,Bureau of Indian Standards,https://standards.bis.gov.in,true,https://standards.bis.gov.in/website/standard-details?encryptedId=eyJpdiI6ImNua2tOWHkrcE1WMll3T1NMVTZxK2c9PSIsInZhbHVlIjoiVk14aFBQekc0OUNRRzlQejNsYkU1UT09IiwibWFjIjoiMWJiNTUwNDhhOTNjNTQ0NTc2MjNhNWRhZTE0Yzk5Mzc3YTUzNjQwM2JhOTM1ZjFiNDUzYmE3ODc3MDM2YmFiMyIsInRhZyI6IiJ9&standardNumber=IS%20741:1971
IS 742:1981,IS 742:1981,IS 742:1981,published,,,2023,Bureau of Indian Standards,https://standards.bis.gov.in,true,https://standards.bis.gov.in/website/standard-details?encryptedId=eyJpdiI6InpSbFoyRHpITDR1VnludUs5WngwOWc9PSIsInZhbHVlIjoiOWNyaGQyLzZWRWlrdE4rUWFSQlVpdz09IiwibWFjIjoiMzg1NmZmYzRhMTc2MWYzZDM4YjdkYzg2NmVjZTA4NTdmZGFlZmE4NzlkZWYyZmY4MWRjYTMxNWQ2YzdmZGQzZSIsInRhZyI6IiJ9&standardNumber=IS%20742:1981
IS 744:2000,IS 744:2000,IS 744:2000,published,,,2022,Bureau of Indian Standards,https://standards.bis.gov.in,true,https://standards.bis.gov.in/website/standard-details?encryptedId=eyJpdiI6Im16cGd0VkJiM2xmeDhEekphcWVyTkE9PSIsInZhbHVlIjoiTWd1R3ZMbTJHeHM0WTcvc01Tc04ydz09IiwibWFjIjoiMTM5ODBiN2RmNjBjODgyYzU4NDYxYzE1ZGQ1Y2RlMTlkZGNkNjI4NDgwMzM4NGMxYWRjMWM2MTU1MzBjNzg3ZSIsInRhZyI6IiJ9&standardNumber=IS%20744:2000
IS 745:2021,IS 745:2021,IS 745:2021,published,,,2026,Bureau of Indian Standards,https://standards.bis.gov.in,true,https://standards.bis.gov.in/website/standard-details?encryptedId=eyJpdiI6IjhWSFB1ckwwNzJmQTBPdGt5Tzc1VkE9PSIsInZhbHVlIjoiS1NENVBscW5zd3RGaEpGa3gvZVRwQT09IiwibWFjIjoiYzg4ZTVhOTM0ODMyNGRmMjQ2MjZkM2E4MjI2MzU2ODhlY2YwYmUyYjBjNjQ1MTY5YmFjMTdlMDdmMDIxMTY1ZSIsInRhZyI6IiJ9&standardNumber=IS%20745:2021
IS 746:2021,IS 746:2021,IS 746:2021,published,,,2026,Bureau of Indian Standards,https://standards.bis.gov.in,true,https://standards.bis.gov.in/website/standard-details?encryptedId=eyJpdiI6IjRnblVpZ1VWTmlOL1JLU1o4NlQyd1E9PSIsInZhbHVlIjoieWc2czJ1NU11WFdmVktNNi8vM01tdz09IiwibWFjIjoiZTJhODZjOTQ3OGMxM2Y2Y2M1YmUzMmNmMGI3YmU4MmJlZWNjYWU5YzM5YmE3NGYyYmUxMTM2ZTYzYzNiODI1NiIsInRhZyI6IiJ9&standardNumber=IS%20746:2021
IS 800:2007,IS 800:2007,IS 800:2007,published,,,2022,Bureau of Indian Standards,https://standards.bis.gov.in,true,https://standards.bis.gov.in/website/standard-details?encryptedId=eyJpdiI6Im84WkxIZ3NIYXVCb1hDbi91eUUxZVE9PSIsInZhbHVlIjoia09QR3Bzd1NaS0ZSRHNGaDBsb0ZKZz09IiwibWFjIjoiYjQwZDA2NzBmMGU2Nzk4MWQxM2U1YWNkMDAxMjhlNjBhMjVkOTg3MjFiZDM5ODRmZTgwNGI5ZGNjMGRiZGViMSIsInRhZyI6IiJ9&standardNumber=IS%20800:2007
IS 801:1975,IS 801:1975,IS 801:1975,published,,,2026,Bureau of Indian Standards,https://standards.bis.gov.in,true,https://standards.bis.gov.in/website/standard-details?encryptedId=eyJpdiI6Ik03dEV1SVk2TVN5VWN0MkFRZHpETmc9PSIsInZhbHVlIjoiQ25FMk43enkxMzRJcDEyaHdINE1Mdz09IiwibWFjIjoiM2U5OWQ2NGUzZDNmZTc0M2Y1YWE5NDU4MThkMjJiZDcxZjRmYzQ1YjRkYTRmODAyMDk0NmM2NTYxMDQ3MzhhNyIsInRhZyI6IiJ9&standardNumber=IS%20801:1975
IS 802,IS 802,IS 802,published,,,2025,Bureau of Indian Standards,https://standards.bis.gov.in,true,https://standards.bis.gov.in/website/standard-details?encryptedId=eyJpdiI6Ii9iVnhDVTc1SzdkcDdSOTZ5K2RVbGc9PSIsInZhbHVlIjoiUVB1aVNXd05tbFhTUXllSjJ1T2I5QT09IiwibWFjIjoiNWNiZjllNTk5NmI4YzIyMGM2ZGE3OGQ2Yjc2Mzg3YmFiZWJhODZiNTY3ZTYyOGVjZWJlNzMyM2I2YzBlMmYzNSIsInRhZyI6IiJ9&standardNumber=IS%20802%20(Part%201%2FSec%201):2015
IS 802:2021,IS 802:2021,IS 802:2021,published,,,2024,Bureau of Indian Standards,https://standards.bis.gov.in,true,https://standards.bis.gov.in/website/standard-details?encryptedId=eyJpdiI6IkZnbGh0d0hyOU52M1JPYUdkd0JUMmc9PSIsInZhbHVlIjoiYWFJR3ZnZjdFVGtPN0d0Mi8yV0lTQT09IiwibWFjIjoiZmM4YWE4OWE2MDg0OTM3OTBmYWQ1YjY0NzAyOTZiYTcxNWFjZmI1YjM4YTg1MDlhMDI3NDdhMGU5YjFlMmRmYiIsInRhZyI6IiJ9&standardNumber=IS%20802.15.4:2021
IS 803:1976,IS 803:1976,IS 803:1976,published,,,2022,Bureau of Indian Standards,https://standards.bis.gov.in,true,https://standards.bis.gov.in/website/standard-details?encryptedId=eyJpdiI6ImJ6S3kzY2c0YVY3ZWVFR2tQRU12MFE9PSIsInZhbHVlIjoiVkg3cTVqZjF1djM4MVhaSGJtQm16Zz09IiwibWFjIjoiZjA0MDg4ZTdjNzFhODMyMzczOTBjODBjZWFlYWE2ZjA3Mjk5ZGU2M2M1NTNkMTY4ODUyYjM5MDNhNmMzYzcyNCIsInRhZyI6IiJ9&standardNumber=IS%20803:1976
IS 804:1967,IS 804:1967,IS 804:1967,published,,,2022,Bureau of Indian Standards,https://standards.bis.gov.in,true,https://standards.bis.gov.in/website/standard-details?encryptedId=eyJpdiI6IlQyOHlpVWxkVlRESGZCbVl1N2JBK3c9PSIsInZhbHVlIjoiOWlMNzZlSEczK2lCWFVTUFFNWlJxUT09IiwibWFjIjoiMWE0MTljMDMxM2NkMzM2M2VmMmUzMGQxZTZhOTQ4NjBiMzlhYmQ1MGZlMDMxMTgxYTQ3ZjU1Mjc5ZjJmMzViOSIsInRhZyI6IiJ9&standardNumber=IS%20804:1967
IS 805:1968,IS 805:1968,IS 805:1968,published,,,2022,Bureau of Indian Standards,https://standards.bis.gov.in,true,https://standards.bis.gov.in/website/standard-details?encryptedId=eyJpdiI6IjhCTHRSdDNIK2xpcWpsb1RZc21FYUE9PSIsInZhbHVlIjoiWWl0NlBIb1BiM2grK3creUw4Tm9ZQT09IiwibWFjIjoiNTBiMjlmNjI3MTZlMTY0OTc2YWVlZGMzMjIwNzhhM2ViOTk1OWVkNjY5NGU3YTBkZWE4YTZkNjE3YmExMmJkNiIsInRhZyI6IiJ9&standardNumber=IS%20805:1968
IS 806:1968,IS 806:1968,IS 806:1968,published,,,2022,Bureau of Indian Standards,https://standards.bis.gov.in,true,https://standards.bis.gov.in/website/standard-details?encryptedId=eyJpdiI6Ik81NzNLTGNDazJmVHMwQlBnTHlxdEE9PSIsInZhbHVlIjoiTmg2Q0wyUWxnallQNEE0Ykc5MnNBUT09IiwibWFjIjoiNDE1NGNkZTYyNzg1MTIxOTg3ZDUyNWJhMzU0MjdmODZlNzk0OWNjOTg1NjkzZTVjMTE2NjI2MDdiNGI0NWE2MCIsInRhZyI6IiJ9&standardNumber=IS%20806:1968
IS 807:2006,IS 807:2006,IS 807:2006,published,,,2026,Bureau of Indian Standards,https://standards.bis.gov.in,true,https://standards.bis.gov.in/website/standard-details?encryptedId=eyJpdiI6ImxXbCtqbCtZZHc1UDVTczNCVCttbXc9PSIsInZhbHVlIjoiNkY0KzY3V1F6UzhES1Z5L1Bpb1pYUT09IiwibWFjIjoiOWQyNWNmZWJlNDQyNzAxNjEzYWE1N2JhM2ZhMzUzNTJhNzFiNDIxMzg0ZTZiNDJkNmM1NDViMmM1Y2E5YjJjZSIsInRhZyI6IiJ9&standardNumber=IS%20807:2006
IS 808:2021,IS 808:2021,IS 808:2021,published,,,,Bureau of Indian Standards,https://standards.bis.gov.in,true,https://standards.bis.gov.in/website/standard-details?encryptedId=eyJpdiI6InRUVUo5QkNRekptL3FiRjRaSHo5WEE9PSIsInZhbHVlIjoiTWd3ZVV5ejhLQ3hVZTFXU0I1RmFZZz09IiwibWFjIjoiYWZkM2U3OTlmYjBmOTg2OWZmYWRlOGUyNGQ5MThlY2IwMjFkYTZiMjAzMGVhMDYwNjA1ZmRmNDhiNTNjODFlMiIsInRhZyI6IiJ9&standardNumber=IS%20808:2021
IS 809:1992,IS 809:1992,IS 809:1992,published,,,2022,Bureau of Indian Standards,https://standards.bis.gov.in,true,https://standards.bis.gov.in/website/standard-details?encryptedId=eyJpdiI6Im1iam5wZE5lYmFuRjlhQ2c4YndGSEE9PSIsInZhbHVlIjoic1oxTlNoNldoWTMvQ3RJZnQ1ZnozZz09IiwibWFjIjoiNzI4Njk4MjVjMWQ1NTBjMzAzODc3NDVhOTkxZDljYTM1YmM2NTljMzIwMTI3NDgyNDRiNDcwZDEyMDMwZGYyMCIsInRhZyI6IiJ9&standardNumber=IS%20809:1992
IS 80:1991,IS 80:1991,IS 80:1991,published,,,2022,Bureau of Indian Standards,https://standards.bis.gov.in,true,https://standards.bis.gov.in/website/standard-details?encryptedId=eyJpdiI6InRPaHVrWDhha2pMRitvT05pa2VrUEE9PSIsInZhbHVlIjoiWFVoM0NuM3Znb3J0aDVvR0lVSG92dz09IiwibWFjIjoiOTY1MzBhZDU1NjY3NTU5YWE1ZDdkZDg3ZWYwNTYyM2MxZTZhODBjOTQ3ZTBjZmIzZWE2M2YwMmQ1Mjg1YTI4OCIsInRhZyI6IiJ9&standardNumber=IS%2080:1991
IS 810:1991,IS 810:1991,IS 810:1991,published,,,2025,Bureau of Indian Standards,https://standards.bis.gov.in,true,https://standards.bis.gov.in/website/standard-details?encryptedId=eyJpdiI6InZtUzJEUEpGc2hGMStUOUQ0bEF3ZFE9PSIsInZhbHVlIjoicitKRDVEMTdHZ1VZaXUzVW1uWjhMQT09IiwibWFjIjoiMmRiNTU2ZjAwZjNmYmE3NzhlYTk3OTA3NTc1NzZjMDY1MTU2NzY0MmQzNmI1ZGUzMjU1NTIzYWZkNDFjMzQwZSIsInRhZyI6IiJ9&standardNumber=IS%20810:1991
IS 811:1987,IS 811:1987,IS 811:1987,published,,,2024,Bureau of Indian Standards,https://standards.bis.gov.in,true,https://standards.bis.gov.in/website/standard-details?encryptedId=eyJpdiI6IitFQStKQnlwdngvcHF5TE5QWXhsUnc9PSIsInZhbHVlIjoiTlVkQjFtbFlneVJTcUMwaTFGc3EzUT09IiwibWFjIjoiMDk0NDBhYjFhMDQ2MDRmZjVlNmI0Y2VlZGUxMmUxNWUwMTM3ODQ5ZDZlY2FmN2YzMGYwMjNkMThmY2NkYWIyOSIsInRhZyI6IiJ9&standardNumber=IS%20811:1987
IS 812,1957,1957,published,,,2024,Bureau of Indian Standards,https://standards.bis.gov.in,true,https://standards.bis.gov.in/website/standard-details?encryptedId=eyJpdiI6IldzRXdBOTRBNnl6R0VhWm9rdyt4K1E9PSIsInZhbHVlIjoiS1hBaWpKellIdW9nRzA1ZE9Ga3BuUT09IiwibWFjIjoiZTA5NzQzYjNjMWRlMzA2NDlmNTRkNjY3ZDJjNzU4YmE3NDk3OTEwYTVkYzdlNzgzN2ZiYmJiODI3YjhkZjEwOSIsInRhZyI6IiJ9&standardNumber=IS%20812%20(Part%201):2024
IS 813,1986,1986,published,,,2023,Bureau of Indian Standards,https://standards.bis.gov.in,true,https://standards.bis.gov.in/website/standard-details?encryptedId=eyJpdiI6InJ4VzRibjFWMldtclRGQnlRNUxNVFE9PSIsInZhbHVlIjoiS3g2KzloOGhFVEdqTlo0cmIxODk1QT09IiwibWFjIjoiZmYxYzE2MWM5ZTJlODhjZjYwYjMxZTE5OWI3YzE1ZDJiOTQ3MWU3ODM3MmIyY2NkNzcwNjA1YjMyMjFmYTBlNyIsInRhZyI6IiJ9&standardNumber=IS%20813%20(Part%201):2018
IS 814:2004,IS 814:2004,IS 814:2004,published,,,2026,Bureau of Indian Standards,https://standards.bis.gov.in,true,https://standards.bis.gov.in/website/standard-details?encryptedId=eyJpdiI6IlpYZU9UbEZJYjhqWG5nNVNscDZZN0E9PSIsInZhbHVlIjoiZkZyTkJWY0N2SHArWWRsQ2ltN09YZz09IiwibWFjIjoiMzAxNDdmNzcwZjFlN2FmNWY1ZjAxYWY5MzE0OGM1NWM0NDllMjBhOTg1MWFkODhhOWE2ODljMDlkYjlkM2U4NyIsInRhZyI6IiJ9&standardNumber=IS%20814:2004
IS 816:1969,IS 816:1969,IS 816:1969,published,,,2023,Bureau of Indian Standards,https://standards.bis.gov.in,true,https://standards.bis.gov.in/website/standard-details?encryptedId=eyJpdiI6IlN5Nlpvc21VTmpYMVNWYVZBbDNLQ0E9PSIsInZhbHVlIjoieVNFMXJVMEVuaE1YYXZIaTdsKzdJdz09IiwibWFjIjoiNjZhNTRjNzY0NDc5ZTNjOTliY2VhYTViNTdkNjc2MWRhMzVlNDY4NTQwZjRjNWMwM2Q1MDMwZDQ2ZmRhYjM4MSIsInRhZyI6IiJ9&standardNumber=IS%20816:1969
IS 817,IS 817,IS 817,published,,,2023,Bureau of Indian Standards,https://standards.bis.gov.in,true,https://standards.bis.gov.in/website/standard-details?encryptedId=eyJpdiI6ImpNM29ackVYTXJlN1c0eGJIREtNT3c9PSIsInZhbHVlIjoib2RJK0hzbWh1NEtWaEJrWmROTGV4Zz09IiwibWFjIjoiODIyNDBmOTNhYzVkZjdhZGRiMThkNzc2Yjg4YmM1OGVlYmI5ZDNjNmMyZTQ1ZGMwNWNlZTViNmIyYmNkNGI1OSIsInRhZyI6IiJ9&standardNumber=IS%20817%20(Part%201):1992
IS 817:1966,IS 817:1966,IS 817:1966,published,,,2023,Bureau of Indian Standards,https://standards.bis.gov.in,true,https://standards.bis.gov.in/website/standard-details?encryptedId=eyJpdiI6InN2TTFLS05mSXAza2RUMWdXSm9CWnc9PSIsInZhbHVlIjoiUnhva3IwT2RqcTdmZDNxaERVTVBNZz09IiwibWFjIjoiZDlkYWExYjMzN2MzZmVkMzM5NTY1NmU2MGFjOWVlZDkwY2ZlNDE0ZjAzZmFjNGNkNWFiNDc4Nzg2MjUzYzNjZSIsInRhZyI6IiJ9&standardNumber=IS%20817:1966
IS 818:1968,IS 818:1968,IS 818:1968,published,,,2023,Bureau of Indian Standards,https://standards.bis.gov.in,true,https://standards.bis.gov.in/website/standard-details?encryptedId=eyJpdiI6IjVrTHdyWGxjUm9Eb0ZkeHU1R210RFE9PSIsInZhbHVlIjoicUg5Z0R4bC9FTERWU3RlRVc3eHFvZz09IiwibWFjIjoiOTgxOTMyZWY5YTBiOGJjNjQ1YWExMGJlMjM1YmZmMTVkMDgzOGViNzBlNzhmNjM4NGM2ZDUxNjc2OTRiYTUzZCIsInRhZyI6IiJ9&standardNumber=IS%20818:1968
IS 819:1957,IS 819:1957,IS 819:1957,published,,,2023,Bureau of Indian Standards,https://standards.bis.gov.in,true,https://standards.bis.gov.in/website/standard-details?encryptedId=eyJpdiI6InUvK1dGMWxwZDBCWjlSdWJXaDNzN2c9PSIsInZhbHVlIjoiS0lpeFpiNjl5b2g3NkREYTZQOWtyZz09IiwibWFjIjoiMmVjNjBiYTUzYzY5YjBlNzQwOWQ1N2U3ZmNmYmVhYjk3ZTk2ZWY5MGE0OTY1Yjc1OGY3YTc2Y2Q0MTY3NWQ1YSIsInRhZyI6IiJ9&standardNumber=IS%20819:1957
IS 81:1989,IS 81:1989,IS 81:1989,published,,,2024,Bureau of Indian Standards,https://standards.bis.gov.in,true,https://standards.bis.gov.in/website/standard-details?encryptedId=eyJpdiI6ImNYdjNveWF3QTFLS1BTUHJITUFkRFE9PSIsInZhbHVlIjoiNlE0QkFKREIyRXlWcjFYUk03VHM4Zz09IiwibWFjIjoiM2MwZDE4NzcxMmNjMGNlZThmYjRiMDU5ZjhkOTNhYzNjNGU1MTI5ZDBkOTRhZmQ0MTEzODhiZjFkMWNjYjlkNiIsInRhZyI6IiJ9&standardNumber=IS%2081:1989
IS 822:1970,IS 822:1970,IS 822:1970,published,,,2023,Bureau of Indian Standards,https://standards.bis.gov.in,true,https://standards.bis.gov.in/website/standard-details?encryptedId=eyJpdiI6ImY5VkV0Uit2K2VHOTFtYlNoM3YzQnc9PSIsInZhbHVlIjoicUFMYlJZaHYyTCs1Zkhta0hSYjJuZz09IiwibWFjIjoiNjMyYWVkNWEwNzYzODcxODZmMDY5YjEwOTc5OTY5MWE3NjIyYzExOGVmOTQ0MThjYTczYzNkYjU3NThiYTJjOSIsInRhZyI6IiJ9&standardNumber=IS%20822:1970
IS 824:2021,IS 824:2021,IS 824:2021,published,,,2026,Bureau of Indian Standards,https://standards.bis.gov.in,true,https://standards.bis.gov.in/website/standard-details?encryptedId=eyJpdiI6IlRaSldtM0drMU8xQUE4WWt1Y3loMWc9PSIsInZhbHVlIjoiMFY0SzlYbDd6OEVxV1ZJRVRXK2JxZz09IiwibWFjIjoiYzhkNGIyOWI1OGUzY2QzOTRiNGI2ZmU3NTk3ZTFlNTA2OGNlYTIwYTUzZjBmMmJhZmIwY2E2YjIzZTgzODI4OCIsInRhZyI6IiJ9&standardNumber=IS%20824:2021
IS 82:1973,IS 82:1973,IS 82:1973,published,,,2022,Bureau of Indian Standards,https://standards.bis.gov.in,true,https://standards.bis.gov.in/website/standard-details?encryptedId=eyJpdiI6InJUWkVSUmxjN2xXR0N5eE5yeTR0V3c9PSIsInZhbHVlIjoiTFVNWDBrTkFCQTVrY3RyRmJVeUFJUT09IiwibWFjIjoiNzIxYTQ0ODg5Y2EyNWQyOTQyNmU0YjNmMDc4MDk0OWZlNDYwYzMzNTA3YmI4NTFmODkzZTVhMjNjMGMzY2M0MyIsInRhZyI6IiJ9&standardNumber=IS%2082:1973
IS 82:2026,IS 82:2026,IS 82:2026,published,,,,Bureau of Indian Standards,https://standards.bis.gov.in,true,https://standards.bis.gov.in/website/standard-details?encryptedId=eyJpdiI6IlpkRnJNK1BldXhMWTUyZlFlRXhUNHc9PSIsInZhbHVlIjoia1dibVZxMi9CdzlxMExCdVpab1owZz09IiwibWFjIjoiZmFiYWUyMDQ1MDdlMDhmNDM2NTgwNGY3YzkwY2VlNDU2ZDI5MDY1MDc4ZjFjNzJmNTYxMzZjYTBiNmU3MTEzMSIsInRhZyI6IiJ9&standardNumber=IS%2082:2026
IS 8:1994,IS 8:1994,IS 8:1994,published,,,2022,Bureau of Indian Standards,https://standards.bis.gov.in,true,https://standards.bis.gov.in/website/standard-details?encryptedId=eyJpdiI6IkZhSE5OVHVDMUpHMTRyQjNQTUNTeWc9PSIsInZhbHVlIjoiUUhnbW1RRHp3a1Y2bmJNKzI3d2tvQT09IiwibWFjIjoiODUwNjRhMTdkNTZhODZlYzQyZDg0MWE2NzZmNjNjZDgyZWE0NjI2MzY2ZWE5YzdhOTY4ZGE4NzE3NzI2N2UyYSIsInRhZyI6IiJ9&standardNumber=IS%208:1994
